,의안번호,의안명,제안자구분,제안일자,의결일자,의결결과,주요내용,심사진행상태
0,2102896,표시·광고의 공정화에 관한 법률 일부개정법률안(강훈식의원 등 10인),의원,2020-08-11,,,,접수
1,2102895,표시·광고의 공정화에 관한 법률 일부개정법률안(김두관의원 등 11인),의원,2020-08-11,,,,접수
2,2102894,국회법 일부개정법률안(조명희의원 등 12인),의원,2020-08-11,,,,접수
3,2102893,아동복지법 일부개정법률안(인재근의원 등 13인),의원,2020-08-11,,,,접수
4,2102892,아동복지법 일부개정법률안(인재근의원 등 14인),의원,2020-08-11,,,,접수
5,2102891,근로기준법 일부개정법률안(추경호의원 등 15인),의원,2020-08-11,,,,접수
6,2102890,식품위생법 일부개정법률안(인재근의원 등 12인),의원,2020-08-11,,,,접수
7,2102889,의료기사 등에 관한 법률 일부개정법률안(인재근의원 등 11인),의원,2020-08-11,,,,접수
8,2102888,통일교육 지원법 일부개정법률안(설훈의원 등 14인),의원,2020-08-11,,,,접수
9,2102887,형의 실효 등에 관한 법률 일부개정법률안(인재근의원 등 14인),의원,2020-08-11,,,,접수
10,2102886,표시·광고의 공정화에 관한 법률 일부개정법률안(전용기의원 등 13인),의원,2020-08-11,,,,접수
11,2102885,장애인·고령자 등 주거약자 지원에 관한 법률 일부개정법률안(이주환의원 등 10인),의원,2020-08-11,,,,접수
12,2102884,전기통신사업법 일부개정법률안(박성중의원 등 10인),의원,2020-08-11,,,,접수
13,2102883,양육비 이행확보 및 지원에 관한 법률 일부개정법률안(김선교의원 등 10인),의원,2020-08-11,,,,접수
14,2102882,도로교통법 일부개정법률안(김영배의원 등 10인),의원,2020-08-11,,,,접수
15,2102881,약사법 일부개정법률안(김선교의원 등 10인),의원,2020-08-11,,,,접수
16,2102880,해외건설 촉진법 일부개정법률안(조정식의원 등 11인),의원,2020-08-11,,,,접수
17,2102879,근로기준법 일부개정법률안(김영배의원 등 10인),의원,2020-08-11,,,,접수
18,2102878,교통시설특별회계법 일부개정법률안(이주환의원 등 10인),의원,2020-08-11,,,,접수
19,2102877,지방교부세법 일부개정법률안(이주환의원 등 10인),의원,2020-08-11,,,,접수
20,2102876,국가유공자 등 예우 및 지원에 관한 법률 일부개정법률안(윤주경의원 등 15인),의원,2020-08-11,,,,접수
21,2102875,감염병의 예방 및 관리에 관한 법률 일부개정법률안(배진교의원 등 10인),의원,2020-08-11,,,,접수
22,2102874,가맹사업거래의 공정화에 관한 법률 일부개정법률안(이수진의원 등 13인),의원,2020-08-11,,,,접수
23,2102873,근로기준법 일부개정법률안(권칠승의원 등 10인),의원,2020-08-11,,,,접수
24,2102872,피후견인 결격조항 정비를 위한 건설폐기물의 재활용촉진에 관한 법률 등 25개 법률의 일부개정에 관한 법률안 제출,정부,2020-08-11,,,,접수
25,2102871,댐건설 및 주변지역지원 등에 관한 법률 일부개정법률안(이종배의원 등 11인),의원,2020-08-11,,,,접수
26,2102870,장애인고용촉진 및 직업재활법 일부개정법률안(김도읍의원 등 11인),의원,2020-08-11,,,,접수
27,2102869,조세특례제한법 일부개정법률안(김경만의원 등 11인),의원,2020-08-11,,,,접수
28,2102868,지방세법 일부개정법률안(조경태의원 등 10인),의원,2020-08-11,,,,접수
29,2102867,전자정부법 일부개정법률안(민홍철의원 등 17인),의원,2020-08-11,,,,접수
30,2102866,군무원인사법 일부개정법률안(민홍철의원 등 25인),의원,2020-08-11,,,,접수
31,2102865,군인사법 일부개정법률안(민홍철의원 등 26인),의원,2020-08-11,,,,접수
32,2102864,전자금융거래법 일부개정법률안(민홍철의원 등 17인),의원,2020-08-11,,,,접수
33,2102863,국민기초생활 보장법 일부개정법률안(남인순의원 등 13인),의원,2020-08-11,,,,접수
34,2102862,국립묘지의 설치 및 운영에 관한 법률 일부개정법률안(권칠승의원 등 11인),의원,2020-08-11,,,,접수
35,2102861,화장품법 일부개정법률안(이원택의원 등 15인),의원,2020-08-11,,,,접수
36,2102860,‘국군의 날’ 기념일 변경 촉구 결의안(권칠승의원 등 11인),의원,2020-08-11,,,,접수
37,2102859,도로교통법 일부개정법률안(강선우의원 등 10인),의원,2020-08-10,,,,접수
38,2102858,사회성과보상사업의 운영 및 활성화에 관한 법률안(민형배의원 등 10인),의원,2020-08-10,,,,접수
39,2102857,보행안전 및 편의증진에 관한 법률 일부개정법률안(강선우의원 등 13인),의원,2020-08-10,,,,접수
40,2102856,노인복지법 일부개정법률안(강선우의원 등 16인),의원,2020-08-10,,,,접수
41,2102855,방송통신위원회의 설치 및 운영에 관한 법률 일부개정법률안(양정숙의원 등 11인),의원,2020-08-10,,,,접수
42,2102854,자본시장과 금융투자업에 관한 법률 일부개정법률안(민형배의원 등 12인),의원,2020-08-10,,,,접수
43,2102853,채권의 공정한 추심에 관한 법률 일부개정법률안(민형배의원 등 11인),의원,2020-08-10,,,,접수
44,2102852,자본시장과 금융투자업에 관한 법률 일부개정법률안(민형배의원 등 10인),의원,2020-08-10,,,,접수
45,2102851,유료도로법 일부개정법률안(권칠승의원 등 11인),의원,2020-08-10,,,,접수
46,2102850,건설기술 진흥법 일부개정법률안(김희국의원 등 11인),의원,2020-08-10,,,,접수
47,2102849,건설기술 진흥법 일부개정법률안(김희국의원 등 12인),의원,2020-08-10,,,,접수
48,2102848,정당법 일부개정법률안(이원욱의원 등 10인),의원,2020-08-10,,,,접수
49,2102847,정치자금법 일부개정법률안(이원욱의원 등 10인),의원,2020-08-10,,,,접수
50,2102846,행정심판법 일부개정법률안(박주민의원 등 14인),의원,2020-08-10,,,,접수
51,2102845,감염병의 예방 및 관리에 관한 법률 일부개정법률안(배진교의원 등 10인),의원,2020-08-10,,,,접수
52,2102844,자본시장과 금융투자업에 관한 법률 일부개정법률안(홍성국의원 등 15인),의원,2020-08-10,,,,접수
53,2102843,소득세법 일부개정법률안(이용호의원 등 10인),의원,2020-08-10,,,,접수
54,2102842,가족관계의 등록 등에 관한 법률 일부개정법률안(김미애의원 등 10인),의원,2020-08-10,,,,접수
55,2102841,지방세법 일부개정법률안(이용호의원 등 10인),의원,2020-08-10,,,,접수
56,2102840,방송법 일부개정법률안(권칠승의원 등 13인),의원,2020-08-10,,,,접수
57,2102839,제주4·3사건 진상규명 및 희생자 명예회복에 관한 특별법 일부개정법률안(이명수의원 등 10인),의원,2020-08-10,,,,접수
58,2102838,대도시권 광역교통 관리에 관한 특별법 일부개정법률안(유의동의원 등 10인),의원,2020-08-10,,,,접수
59,2102837,상훈법 일부개정법률안(이병훈의원 등 12인),의원,2020-08-10,,,,접수
60,2102836,국민체육진흥법 일부개정법률안(우상호의원 등 14인),의원,2020-08-10,,,,접수
61,2102835,군인복지기본법 일부개정법률안(민홍철의원 등 10인),의원,2020-08-10,,,,소관위접수
62,2102834,전자금융거래법 일부개정법률안(임오경의원 등 10인),의원,2020-08-10,,,,접수
63,2102833,국회법 일부개정법률안(정청래의원 등 10인),의원,2020-08-10,,,,접수
64,2102832,사립학교법 일부개정법률안(정청래의원 등 10인),의원,2020-08-10,,,,접수
65,2102831,국회법 일부개정법률안(장혜영의원 등 14인),의원,2020-08-10,,,,접수
66,2102830,경력단절여성등의 경제활동 촉진법 일부개정법률안(양금희의원 등 13인),의원,2020-08-10,,,,접수
67,2102829,언론중재 및 피해구제 등에 관한 법률 일부개정법률안(정청래의원 등 11인),의원,2020-08-07,,,,접수
68,2102828,정보통신망 이용촉진 및 정보보호 등에 관한 법률 일부개정법률안(전용기의원 등 13인),의원,2020-08-07,,,,소관위접수
69,2102827,동물보호법 일부개정법률안(정청래의원 등 10인),의원,2020-08-07,,,,소관위접수
70,2102826,여권법 일부개정법률안(김영주의원 등 12인),의원,2020-08-07,,,,소관위접수
71,2102825,헤이그 국제아동탈취협약 이행에 관한 법률 일부개정법률안,정부,2020-08-07,,,,접수
72,2102824,독점규제 및 공정거래에 관한 법률 일부개정법률안(이학영의원 등 12인),의원,2020-08-07,,,,소관위접수
73,2102823,물류정책기본법 일부개정법률안,정부,2020-08-07,,,,접수
74,2102822,통일교육 지원법 일부개정법률안(김홍걸의원 등 13인),의원,2020-08-07,,,,소관위접수
75,2102821,첨단의료복합단지 육성에 관한 특별법 일부개정법률안(홍석준의원 등 11인),의원,2020-08-07,,,,접수
76,2102820,피후견인 결격조항 정비를 위한 국제항해선박 등에 대한 해적행위 피해예방에 관한 법률 등 35개 법률의 일부개정에 관한 법률안,정부,2020-08-07,,,,소관위접수
77,2102819,형법 일부개정법률안(김병욱의원 등 14인),의원,2020-08-07,,,,접수
78,2102818,국제사법 전부개정법률안,정부,2020-08-07,,,,소관위접수
79,2102817,고등교육법 일부개정법률안(민형배의원 등 10인),의원,2020-08-07,,,,접수
80,2102816,금융소비자 보호에 관한 법률 일부개정법률안(박덕흠의원 등 17인),의원,2020-08-07,,,,소관위접수
81,2102815,대부업 등의 등록 및 금융이용자 보호에 관한 법률 일부개정법률안(김남국의원 등 11인),의원,2020-08-07,,,,소관위접수
82,2102814,경찰공무원법 일부개정법률안,정부,2020-08-07,,,,접수
83,2102813,남녀고용평등과 일·가정 양립 지원에 관한 법률 일부개정법률안(권명호의원 등 12인),의원,2020-08-07,,,,접수
84,2102812,이자제한법 일부개정법률안(김남국의원 등 11인),의원,2020-08-07,,,,접수
85,2102811,개인정보 보호법 일부개정법률안(김남국의원 등 11인),의원,2020-08-07,,,,접수
86,2102810,국회법 일부개정법률안(진성준의원 등 10인),의원,2020-08-07,,,,소관위접수
87,2102809,부동산 가격공시에 관한 법률 일부개정법률안(진성준의원 등 10인),의원,2020-08-07,,,,접수
88,2102808,주택법 일부개정법률안(강준현의원 등 13인),의원,2020-08-07,,,,접수
89,2102807,민법 일부개정법률안(진성준의원 등 10인),의원,2020-08-07,,,,접수
90,2102806,전기사업법 일부개정법률안(최종윤의원 등 11인),의원,2020-08-07,,,,소관위접수
91,2102805,부가가치세법 일부개정법률안(정희용의원 등 10인),의원,2020-08-07,,,,소관위접수
92,2102804,민주화운동기념사업회법 일부개정법률안(김영호의원 등 20인),의원,2020-08-07,,,,접수
93,2102803,자연환경보전법 일부개정법률안(최종윤의원 등 12인),의원,2020-08-07,,,,접수
94,2102802,외국법자문사법 일부개정법률안,정부,2020-08-07,,,,접수
95,2102801,근로기준법 일부개정법률안(최종윤의원 등 10인),의원,2020-08-07,,,,접수
96,2102800,협동조합 기본법 일부개정법률안,정부,2020-08-07,,,,소관위접수
97,2102799,온천법 일부개정법률안,정부,2020-08-07,,,,접수
98,2102798,국가정보원직원법 일부개정법률안,정부,2020-08-07,,,,소관위접수
99,2102797,기술사법 일부개정법률안,정부,2020-08-07,,,,소관위접수
0,2102796,군인사법 일부개정법률안,정부,2020-08-07,,,,소관위접수
1,2102795,피후견인 결격조항 정비를 위한 경륜·경정법 등 7개 법률의 일부개정에 관한 법률안,정부,2020-08-07,,,,접수
2,2102794,생활주변방사선 안전관리법 일부개정법률안(노웅래의원 등 10인),의원,2020-08-07,,,,소관위접수
3,2102793,주민등록법 일부개정법률안(김병주의원 등 15인),의원,2020-08-07,,,,접수
4,2102792,피후견인 결격조항 정비를 위한 경비업법 등 10개 법률의 일부개정에 관한 법률안,정부,2020-08-07,,,,접수
5,2102791,위치정보의 보호 및 이용 등에 관한 법률 일부개정법률안,정부,2020-08-07,,,,소관위접수
6,2102790,피한정후견인 결격조항 정비를 위한 국민연금법 등 5개 법률의 일부개정에 관한 법률안,정부,2020-08-07,,,,접수
7,2102789,피한정후견인 결격조항 정비를 위한 가맹사업거래의 공정화에 관한 법률 등 5개 법률의 일부개정에 관한 법률안,정부,2020-08-07,,,,소관위접수
8,2102788,피후견인 결격조항 정비를 위한 간선급행버스체계의 건설 및 운영에 관한 특별법 등 12개 법률의 일부개정에 관한 법률안,정부,2020-08-07,,,,접수
9,2102787,방송광고판매대행 등에 관한 법률 일부개정법률안,정부,2020-08-07,,,,소관위접수
10,2102786,지방세징수법 일부개정법률안(이성만의원 등 11인),의원,2020-08-07,,,,접수
11,2102785,국세징수법 일부개정법률안(이성만의원 등 11인),의원,2020-08-07,,,,소관위접수
12,2102784,장애인복지법 일부개정법률안(이종성의원 등 10인),의원,2020-08-07,,,,접수
13,2102783,노인복지법 일부개정법률안(이종성의원 등 10인),의원,2020-08-07,,,,접수
14,2102782,평생교육법 일부개정법률안(김철민의원 등 11인),의원,2020-08-07,,,,접수
15,2102781,국가유공자 등 예우 및 지원에 관한 법률 일부개정법률안(김철민의원 등 11인),의원,2020-08-07,,,,소관위접수
16,2102780,근로기준법 일부개정법률안(신정훈의원 등 10인),의원,2020-08-07,,,,접수
17,2102779,공익사업을 위한 토지 등의 취득 및 보상에 관한 법률 일부개정법률안(어기구의원 등 10인),의원,2020-08-07,,,,접수
18,2102778,조세특례제한법 일부개정법률안(이원택의원 등 10인),의원,2020-08-07,,,,소관위접수
19,2102777,신에너지 및 재생에너지 개발·이용·보급 촉진법 일부개정법률안(어기구의원 등 10인),의원,2020-08-07,,,,소관위접수
20,2102776,여객자동차 운수사업법 일부개정법률안(김석기의원 등 10인),의원,2020-08-06,,,,접수
21,2102775,민간임대주택에 관한 특별법 일부개정법률안(김석기의원 등 10인),의원,2020-08-06,,,,접수
22,2102774,원자력안전법 일부개정법률안(김석기의원 등 14인),의원,2020-08-06,,,,소관위접수
23,2102773,고도 보존 및 육성에 관한 특별법 일부개정법률안(김석기의원 등 10인),의원,2020-08-06,,,,접수
24,2102772,지방세특례제한법 일부개정법률안(맹성규의원 등 16인),의원,2020-08-06,,,,소관위접수
25,2102771,신용보증기금법 일부개정법률안(최승재의원 등 13인),의원,2020-08-06,,,,소관위접수
26,2102770,주택임대차보호법 일부개정법률안(조오섭의원 등 17인),의원,2020-08-06,,,,접수
27,2102769,중소기업창업 지원법 일부개정법률안(박정의원 등 12인),의원,2020-08-06,,,,소관위접수
28,2102768,국유재산특례제한법 일부개정법률안(김원이의원 등 18인),의원,2020-08-06,,,,소관위접수
29,2102767,장애인복지법 일부개정법률안(강선우의원 등 17인),의원,2020-08-06,,,,접수
30,2102766,독점규제 및 공정거래에 관한 법률 일부개정법률안(홍성국의원 등 12인),의원,2020-08-06,,,,소관위접수
31,2102765,소방공무원법 일부개정법률안,정부,2020-08-06,,,,소관위접수
32,2102764,교통약자의 이동편의 증진법 일부개정법률안(강선우의원 등 17인),의원,2020-08-06,,,,접수
33,2102763,아동·청소년의 성보호에 관한 법률 일부개정법률안(권인숙의원 등 11인),의원,2020-08-06,,,,소관위접수
34,2102762,성폭력범죄의 처벌 등에 관한 특례법 일부개정법률안(권인숙의원 등 11인),의원,2020-08-06,,,,접수
35,2102761,광산피해의 방지 및 복구에 관한 법률 일부개정법률안(김태흠의원 등 10인),의원,2020-08-06,,,,소관위접수
36,2102760,성폭력방지 및 피해자보호 등에 관한 법률 일부개정법률안(권인숙의원 등 11인),의원,2020-08-06,,,,소관위접수
37,2102759,하도급거래 공정화에 관한 법률 일부개정법률안(이용우의원 등 16인),의원,2020-08-06,,,,소관위접수
38,2102758,하도급거래 공정화에 관한 법률 일부개정법률안(이용우의원 등 15인),의원,2020-08-06,,,,소관위접수
39,2102757,하도급거래 공정화에 관한 법률 일부개정법률안(이용우의원 등 17인),의원,2020-08-06,,,,소관위접수
40,2102756,독점규제 및 공정거래에 관한 법률 일부개정법률안(이용우의원 등 16인),의원,2020-08-06,,,,소관위접수
41,2102755,공직선거법 일부개정법률안(박수영의원 등 10인),의원,2020-08-06,,,,소관위접수
42,2102754,도시개발법 일부개정법률안(조오섭의원 등 13인),의원,2020-08-06,,,,접수
43,2102753,국가재정법 일부개정법률안(박정의원 등 12인),의원,2020-08-06,,,,소관위접수
44,2102752,전통시장 및 상점가 육성을 위한 특별법 일부개정법률안(박정의원 등 12인),의원,2020-08-06,,,,소관위접수
45,2102751,국민건강증진법 일부개정법률안(김수흥의원 등 10인),의원,2020-08-06,,,,접수
46,2102750,복권 및 복권기금법 일부개정법률안(박정의원 등 12인),의원,2020-08-06,,,,소관위접수
47,2102749,중소기업기본법 일부개정법률안(박정의원 등 12인),의원,2020-08-06,,,,소관위접수
48,2102748,조세특례제한법 일부개정법률안(이원택의원 등 10인),의원,2020-08-06,,,,소관위접수
49,2102747,새만금사업 추진 및 지원에 관한 특별법 일부개정법률안(이원택의원 등 10인),의원,2020-08-06,,,,접수
50,2102746,철도산업발전기본법 일부개정법률안(김원이의원 등 18인),의원,2020-08-06,,,,접수
51,2102745,노인복지법 일부개정법률안(김태흠의원 등 10인),의원,2020-08-06,,,,접수
52,2102744,마약류 관리에 관한 법률 일부개정법률안(김원이의원 등 13인),의원,2020-08-06,,,,접수
53,2102743,공직자윤리법 일부개정법률안(천준호의원 등 25인),의원,2020-08-06,,,,소관위접수
54,2102742,폐기물관리법 일부개정법률안(홍성국의원 등 13인),의원,2020-08-06,,,,접수
55,2102741,지하안전관리에 관한 특별법 일부개정법률안(송언석의원 등 10인),의원,2020-08-06,,,,접수
56,2102740,경찰공무원법 일부개정법률안(김도읍의원 등 10인),의원,2020-08-06,,,,소관위접수
57,2102739,경찰공무원 보건안전 및 복지 기본법 일부개정법률안(김도읍의원 등 10인),의원,2020-08-06,,,,소관위접수
58,2102738,자원의 절약과 재활용촉진에 관한 법률 일부개정법률안(이수진의원 등 18인),의원,2020-08-06,,,,접수
59,ZZ21016,국세청장후보자(김대지) 인사청문요청안,기타,2020-08-05,,,,소관위접수
60,2102737,조세특례제한법 일부개정법률안(정점식의원 등 10인),의원,2020-08-05,,,,소관위접수
61,2102736,중소기업창업 지원법 일부개정법률안(서일준의원 등 12인),의원,2020-08-05,,,,소관위접수
62,2102735,별정우체국법 일부개정법률안(정필모의원 등 10인),의원,2020-08-05,,,,소관위접수
63,2102734,지방자치법 일부개정법률안(장경태의원 등 11인),의원,2020-08-05,,,,소관위접수
64,2102733,정당법 일부개정법률안(장경태의원 등 11인),의원,2020-08-05,,,,소관위접수
65,2102732,아동복지법 일부개정법률안(남인순의원 등 13인),의원,2020-08-05,,,,소관위접수
66,2102731,지방교육자치에 관한 법률 일부개정법률안(장경태의원 등 12인),의원,2020-08-05,,,,접수
67,2102730,지방세기본법 일부개정법률안(박형수의원 등 11인),의원,2020-08-05,,,,소관위접수
68,2102729,초·중등교육법 일부개정법률안(장경태의원 등 13인),의원,2020-08-05,,,,접수
69,2102728,지방세법 일부개정법률안(박형수의원 등 11인),의원,2020-08-05,,,,소관위접수
70,2102727,지방재정법 일부개정법률안(박형수의원 등 11인),의원,2020-08-05,,,,소관위접수
71,2102726,소프트웨어 진흥법 일부개정법률안(김경만의원 등 13인),의원,2020-08-05,,,,소관위접수
72,2102725,상장회사에 관한 특례법안(이용우의원 등 13인),의원,2020-08-05,,,,접수
73,2102724,남녀고용평등과 일·가정 양립 지원에 관한 법률 일부개정법률안(김미애의원 등 11인),의원,2020-08-05,,,,소관위접수
74,2102723,장애인차별금지 및 권리구제 등에 관한 법률 일부개정법률안(이상헌의원 등 14인),의원,2020-08-05,,,,소관위접수
75,2102722,국유재산특례제한법 일부개정법률안(이상헌의원 등 14인),의원,2020-08-05,,,,소관위접수
76,2102721,산업안전보건법 일부개정법률안(천준호의원 등 43인),의원,2020-08-05,,,,소관위접수
77,2102720,고용보험법 일부개정법률안(김미애의원 등 10인),의원,2020-08-05,,,,소관위접수
78,2102719,도로교통법 일부개정법률안(황보승희의원 등 15인),의원,2020-08-05,,,,소관위접수
79,2102718,공동주택관리법 일부개정법률안(천준호의원 등 42인),의원,2020-08-05,,,,소관위접수
80,2102717,장기등 이식에 관한 법률 일부개정법률안(박주민의원 등 10인),의원,2020-08-05,,,,소관위접수
81,2102716,초·중등교육법 일부개정법률안(서동용의원 등 15인),의원,2020-08-05,,,,접수
82,2102715,공공주택 특별법 일부개정법률안(서동용의원 등 11인),의원,2020-08-05,,,,접수
83,2102714,초·중등교육법 일부개정법률안(서동용의원 등 13인),의원,2020-08-05,,,,접수
84,2102713,사립학교법 일부개정법률안(서동용의원 등 13인),의원,2020-08-05,,,,접수
85,2102712,민간임대주택에 관한 특별법 일부개정법률안(서동용의원 등 11인),의원,2020-08-05,,,,접수
86,2102711,비대면중소벤처기업 육성에 관한 법률안(정태호의원 등 13인),의원,2020-08-05,,,,소관위접수
87,2102710,아이돌봄 지원법 일부개정법률안(이용호의원 등 11인),의원,2020-08-05,,,,소관위접수
88,2102709,산업재해보상보험법 일부개정법률안(박대수의원 등 11인),의원,2020-08-05,,,,소관위접수
89,2102708,근로기준법 일부개정법률안(박대수의원 등 10인),의원,2020-08-05,,,,소관위접수
90,2102707,북한이탈주민의 보호 및 정착지원에 관한 법률 일부개정법률안(지성호의원 등 10인),의원,2020-08-05,,,,소관위접수
91,2102706,지방재정법 일부개정법률안(김회재의원 등 10인),의원,2020-08-05,,,,소관위접수
92,2102705,아동복지법 일부개정법률안(남인순의원 등 14인),의원,2020-08-05,,,,소관위접수
93,2102704,청년기본법 일부개정법률안(서일준의원 등 13인),의원,2020-08-05,,,,소관위접수
94,2102703,지방세법 일부개정법률안(김회재의원 등 11인),의원,2020-08-05,,,,소관위접수
95,2102702,인천국제공항공사법 일부개정법률안(배준영의원 등 11인),의원,2020-08-05,,,,접수
96,2102701,정부조직법 일부개정법률안(김석기의원 등 19인),의원,2020-08-05,,,,소관위접수
97,2102700,농수산물 유통 및 가격안정에 관한 법률 일부개정법률안(이원택의원 등 16인),의원,2020-08-05,,,,소관위접수
98,2102699,조세특례제한법 일부개정법률안(이달곤의원 등 11인),의원,2020-08-05,,,,소관위접수
99,2102698,지방세특례제한법 일부개정법률안(이달곤의원 등 11인),의원,2020-08-05,,,,소관위접수
0,2102697,게임산업진흥에 관한 법률 일부개정법률안(이상헌의원 등 13인),의원,2020-08-05,,,,접수
1,2102696,도로교통법 일부개정법률안(윤두현의원 등 13인),의원,2020-08-05,,,,소관위접수
2,2102695,남녀고용평등과 일·가정 양립 지원에 관한 법률 일부개정법률안(정춘숙의원 등 10인),의원,2020-08-05,,,,소관위접수
3,2102694,세계유산의 보존·관리 및 활용에 관한 특별법 일부개정법률안(배현진의원 등 10인),의원,2020-08-05,,,,접수
4,2102693,국가를 당사자로 하는 계약에 관한 법률 일부개정법률안(정춘숙의원 등 10인),의원,2020-08-05,,,,소관위접수
5,2102692,국가정보원법 전부개정법률안(김병기의원 등 50인),의원,2020-08-04,,,,소관위접수
6,2102691,청원법 전부개정법률안(서영교의원 등 13인),의원,2020-08-04,,,,소관위접수
7,2102690,이자제한법 일부개정법률안(문진석의원 등 10인),의원,2020-08-04,,,,소관위접수
8,2102689,대부업 등의 등록 및 금융이용자 보호에 관한 법률 일부개정법률안(문진석의원 등 10인),의원,2020-08-04,,,,소관위접수
9,2102688,민원 처리에 관한 법률 일부개정법률안(서영교의원 등 14인),의원,2020-08-04,,,,소관위접수
10,2102687,폐기물처리시설 설치촉진 및 주변지역지원 등에 관한 법률 일부개정법률안(한준호의원 등 22인),의원,2020-08-04,,,,소관위접수
11,2102686,한국교육방송공사법 일부개정법률안(한준호의원 등 26인),의원,2020-08-04,,,,소관위접수
12,2102685,주택임대차보호법 일부개정법률안(이용호의원 등 10인),의원,2020-08-04,,,,소관위접수
13,2102684,경찰법 전부개정법률안(김영배의원 등 26인),의원,2020-08-04,,,,소관위접수
14,2102683,여권법 일부개정법률안(송옥주의원 등 17인),의원,2020-08-04,,,,소관위접수
15,2102682,아동복지법 일부개정법률안(박상혁의원 등 11인),의원,2020-08-04,,,,소관위접수
16,2102681,경찰공무원법 전부개정법률안(김영배의원 등 26인),의원,2020-08-04,,,,소관위접수
17,2102680,아동학대범죄의 처벌 등에 관한 특례법 일부개정법률안(박상혁의원 등 10인),의원,2020-08-04,,,,소관위접수
18,2102679,탈탄소사회로의 정의로운 전환을 위한 그린뉴딜정책 특별법안(심상정의원 등 10인),의원,2020-08-04,,,,접수
19,2102678,통신비밀보호법 일부개정법률안(진선미의원 등 11인),의원,2020-08-04,,,,소관위접수
20,2102677,아동·청소년의 성보호에 관한 법률 일부개정법률안(진선미의원 등 11인),의원,2020-08-04,,,,소관위접수
21,2102676,장애인고용촉진 및 직업재활법 일부개정법률안(노웅래의원 등 12인),의원,2020-08-04,,,,소관위접수
22,2102675,국가재정법 일부개정법률안(노웅래의원 등 11인),의원,2020-08-04,,,,소관위접수
23,2102674,국가회계법 일부개정법률안(노웅래의원 등 11인),의원,2020-08-04,,,,소관위접수
24,2102673,출입국관리법 일부개정법률안(백혜련의원 등 13인),의원,2020-08-04,,,,소관위접수
25,2102672,교육환경 보호에 관한 법률 일부개정법률안(백혜련의원 등 10인),의원,2020-08-04,,,,접수
26,2102671,군사법원법 일부개정법률안(백혜련의원 등 11인),의원,2020-08-04,,,,소관위접수
27,2102670,해외진출기업의 국내복귀 지원에 관한 법률 일부개정법률안(김용판의원 등 17인),의원,2020-08-04,,,,소관위접수
28,2102669,조세특례제한법 일부개정법률안(김용판의원 등 17인),의원,2020-08-04,,,,소관위접수
29,2102668,감염병의 예방 및 관리에 관한 법률 일부개정법률안(조경태의원 등 10인),의원,2020-08-04,,,,소관위접수
30,2102667,산업기술의 유출방지 및 보호에 관한 법률 일부개정법률안(이수진의원 등 14인),의원,2020-08-04,,,,소관위접수
31,2102666,국유재산특례제한법 일부개정법률안(강민정의원 등 11인),의원,2020-08-04,,,,소관위접수
32,2102665,국가균형발전 특별법 일부개정법률안(서삼석의원 등 17인),의원,2020-08-04,,,,소관위접수
33,2102664,민방위기본법 일부개정법률안(김민철의원 등 13인),의원,2020-08-04,,,,소관위접수
34,2102663,국민체육진흥법 일부개정법률안(도종환의원 등 13인),의원,2020-08-04,,,,접수
35,2102662,과학기술분야 정부출연연구기관 등의 설립·운영 및 육성에 관한 법률 일부개정법률안(이상민의원 등 10인),의원,2020-08-04,,,,소관위접수
36,2102661,온종일 돌봄 체계 운영ㆍ지원에 관한 특별법안(강민정의원 등 11인),의원,2020-08-04,,,,접수
37,2102660,철도의 건설 및 철도시설 유지관리에 관한 법률 일부개정법률안(김형동의원 등 18인),의원,2020-08-04,,,,접수
38,2102659,고등교육법 일부개정법률안(강대식의원 등 15인),의원,2020-08-04,,,,접수
39,2102658,119구조·구급에 관한 법률 일부개정법률안(오영환의원 등 17인),의원,2020-08-04,,,,소관위접수
40,2102657,소방시설공사업법 일부개정법률안(오영환의원 등 17인),의원,2020-08-04,,,,소관위접수
41,2102656,상법 일부개정법률안(김병욱의원 등 12인),의원,2020-08-04,,,,소관위접수
42,2102655,지방재정법 일부개정법률안(서삼석의원 등 17인),의원,2020-08-04,,,,소관위접수
43,2102654,보조금 관리에 관한 법률 일부개정법률안(서삼석의원 등 18인),의원,2020-08-04,,,,소관위접수
44,2102653,지방교부세법 일부개정법률안(서삼석의원 등 18인),의원,2020-08-04,,,,소관위접수
45,2102652,새마을운동조직 육성법 일부개정법률안(서삼석의원 등 16인),의원,2020-08-04,,,,소관위접수
46,2102651,국민체육진흥법 일부개정법률안(대안),위원장,2020-08-03,2020-08-04,원안가결,,정부이송
47,2102650,주택법 일부개정법률안(대안),위원장,2020-08-03,2020-08-04,원안가결,,정부이송
48,2102649,민간임대주택에 관한 특별법 일부개정법률안(대안),위원장,2020-08-03,2020-08-04,원안가결,,정부이송
49,2102648,감염병의 예방 및 관리에 관한 법률 일부개정법률안,위원장,2020-08-03,2020-08-04,원안가결,,정부이송
50,2102647,주택임대차보호법 일부개정법률안(박덕흠의원 등 10인),의원,2020-08-03,,,,소관위접수
51,2102646,철도완성차 기후환경시험장 건축 및 풍동시험장비개발에 대한 감사요구안(김희국의원 등 10인),의원,2020-08-03,,,,소관위접수
52,2102645,도시 및 주거환경정비법 일부개정법률안(김희국의원 등 14인),의원,2020-08-03,,,,접수
53,2102644,아동복지법 일부개정법률안(신현영의원 등 11인),의원,2020-08-03,,,,소관위접수
54,2102643,아동·청소년의 성보호에 관한 법률 일부개정법률안(양기대의원 등 18인),의원,2020-08-03,,,,소관위접수
55,2102642,영유아보육법 일부개정법률안(한무경의원 등 11인),의원,2020-08-03,,,,소관위접수
56,2102641,공직자윤리법 일부개정법률안(심상정의원 등 11인),의원,2020-08-03,,,,소관위접수
57,2102640,아동복지법 일부개정법률안(신현영의원 등 10인),의원,2020-08-03,,,,소관위접수
58,2102639,참전유공자 예우 및 단체설립에 관한 법률 일부개정법률안(장제원의원 등 11인),의원,2020-08-03,,,,소관위접수
59,2102638,예비군법 일부개정법률안(장제원의원 등 11인),의원,2020-08-03,,,,소관위접수
60,2102637,아동학대범죄의 처벌 등에 관한 특례법 일부개정법률안(신현영의원 등 10인),의원,2020-08-03,,,,소관위접수
61,2102636,국민연금법 일부개정법률안(김성주의원 등 13인),의원,2020-08-03,,,,소관위접수
62,2102635,성폭력방지 및 피해자보호 등에 관한 법률 일부개정법률안(이철규의원 등 10인),의원,2020-08-03,,,,소관위접수
63,2102634,아동학대범죄의 처벌 등에 관한 특례법 일부개정법률안(이철규의원 등 10인),의원,2020-08-03,,,,소관위접수
64,2102633,아동·청소년의 성보호에 관한 법률 일부개정법률안(이철규의원 등 10인),의원,2020-08-03,,,,소관위접수
65,2102632,성폭력범죄의 처벌 등에 관한 특례법 일부개정법률안(이철규의원 등 10인),의원,2020-08-03,,,,소관위접수
66,2102631,대리점거래의 공정화에 관한 법률 일부개정법률안(김경만의원 등 12인),의원,2020-08-03,,,,소관위접수
67,2102630,가맹사업거래의 공정화에 관한 법률 일부개정법률안(김경만의원 등 12인),의원,2020-08-03,,,,소관위접수
68,2102629,국민체육진흥법 일부개정법률안(도종환의원 등 13인),의원,2020-08-03,,,,접수
69,2102628,북한이탈주민의 보호 및 정착지원에 관한 법률 일부개정법률안(조태용의원 등 15인),의원,2020-08-03,,,,소관위접수
70,2102627,월남전 참전군인 전투근무 보상특별법안(윤상현의원 등 10인),의원,2020-08-03,,,,소관위접수
71,2102626,북한인권법 일부개정법률안(조태용의원 등 15인),의원,2020-08-03,,,,소관위접수
72,2102625,인성교육진흥법 일부개정법률안(박형수의원 등 10인),의원,2020-08-03,,,,접수
73,2102624,국립창원대학교 의과대학 설치에 관한 특별법안(강기윤의원 등 10인),의원,2020-08-03,,,,접수
74,2102623,서민의 금융생활 지원에 관한 법률 일부개정법률안(고용진의원 등 14인),의원,2020-08-03,,,,소관위접수
75,2102622,국가유공자 등 예우 및 지원에 관한 법률 일부개정법률안(유동수의원 등 11인),의원,2020-08-03,,,,소관위접수
76,2102621,지방공무원법 일부개정법률안(조응천의원 등 13인),의원,2020-08-03,,,,소관위접수
77,2102620,국가공무원법 일부개정법률안(조응천의원 등 13인),의원,2020-08-03,,,,소관위접수
78,2102619,소방공무원법 일부개정법률안(조응천의원 등 13인),의원,2020-08-03,,,,소관위접수
79,2102618,경찰공무원법 일부개정법률안(조응천의원 등 13인),의원,2020-08-03,,,,소관위접수
80,2102617,법원조직법 일부개정법률안(이탄희의원 등 12인),의원,2020-08-03,,,,소관위접수
81,2102616,건강가정기본법 일부개정법률안(강민정의원 등 11인),의원,2020-07-31,,,,소관위접수
82,2102615,의료법 일부개정법률안(안규백의원 등 10인),의원,2020-07-31,,,,소관위접수
83,2102614,근로기준법 일부개정법률안(추경호의원 등 15인),의원,2020-07-31,,,,소관위접수
84,2102613,언론중재 및 피해구제 등에 관한 법률 일부개정법률안(신현영의원 등 10인),의원,2020-07-31,,,,소관위접수
85,2102612,남녀고용평등과 일·가정 양립 지원에 관한 법률 일부개정법률안(전주혜의원 등 10인),의원,2020-07-31,,,,소관위접수
86,2102611,환경개선비용 부담법 일부개정법률안(김정호의원 등 13인),의원,2020-07-31,,,,소관위접수
87,2102610,사회보장급여의 이용·제공 및 수급권자 발굴에 관한 법률 일부개정법률안(강병원의원 등 13인),의원,2020-07-31,,,,소관위접수
88,2102609,화학물질관리법 일부개정법률안(김정호의원 등 12인),의원,2020-07-31,,,,소관위접수
89,2102608,한국방송통신대학교 설립 및 운영에 관한 법률안(김진표의원 등 197인),의원,2020-07-31,,,,접수
90,2102607,소년법 일부개정법률안(윤영석의원 등 10인),의원,2020-07-31,,,,소관위접수
91,2102606,국회법 일부개정법률안(윤주경의원 등 11인),의원,2020-07-31,,,,소관위접수
92,2102605,공직선거법 일부개정법률안(곽상도의원 등 10인),의원,2020-07-31,,,,소관위접수
93,2102604,아이돌봄 지원법 일부개정법률안(윤영석의원 등 10인),의원,2020-07-31,,,,소관위접수
94,2102603,부가가치세법 일부개정법률안(박범계의원 등 10인),의원,2020-07-31,,,,소관위접수
95,2102602,주한미군 공여구역주변지역 등 지원 특별법 일부개정법률안(곽상도의원 등 12인),의원,2020-07-31,,,,소관위접수
96,2102601,지방세법 일부개정법률안(박주민의원 등 10인),의원,2020-07-31,,,,소관위접수
97,2102600,지방교부세법 일부개정법률안(곽상도의원 등 15인),의원,2020-07-31,,,,소관위접수
98,2102599,주택법 일부개정법률안(양경숙의원 등 11인),의원,2020-07-31,,,,소관위접수
99,2102598,학교 밖 청소년 지원에 관한 법률 일부개정법률안(윤영석의원 등 10인),의원,2020-07-31,,,,소관위접수
0,2102597,영유아보육법 일부개정법률안(윤영석의원 등 10인),의원,2020-07-31,,,,소관위접수
1,2102596,국회법 일부개정법률안(이종배의원 등 12인),의원,2020-07-31,,,,소관위접수
2,2102595,지방세기본법 일부개정법률안(박주민의원 등 10인),의원,2020-07-31,,,,소관위접수
3,2102594,지방재정법 일부개정법률안(박주민의원 등 10인),의원,2020-07-31,,,,소관위접수
4,2102593,국회법 일부개정법률안(구자근의원 등 10인),의원,2020-07-31,,,,소관위접수
5,2102592,초·중등교육법 일부개정법률안(곽상도의원 등 11인),의원,2020-07-31,,,,접수
6,2102591,군인연금법 중 사병복무기간 가산에서 제외된 참전군인의 연금지급에 관한 특별법안(안규백의원 등 10인),의원,2020-07-31,,,,소관위접수
7,2102590,한국토지주택공사법 일부개정법률안(양경숙의원 등 11인),의원,2020-07-31,,,,소관위접수
8,2102589,군인사법 일부개정법률안(안규백의원 등 13인),의원,2020-07-31,,,,소관위접수
9,2102588,2023 세계스카우트잼버리 지원 특별위원회 구성결의안(안규백의원 등 32인),의원,2020-07-31,,,,소관위접수
10,2102587,최저임금법 일부개정법률안(추경호의원 등 15인),의원,2020-07-31,,,,소관위접수
11,2102586,의사상자 등 예우 및 지원에 관한 법률 일부개정법률안(신현영의원 등 10인),의원,2020-07-31,,,,소관위접수
12,2102585,의료법 일부개정법률안(신현영의원 등 11인),의원,2020-07-31,,,,소관위접수
13,2102584,공직자윤리법 일부개정법률안(추경호의원 등 13인),의원,2020-07-31,,,,소관위접수
14,2102583,한국중소기업판로지원공사법안(황희의원 등 10인),의원,2020-07-31,,,,소관위접수
15,2102582,6·25전쟁 납북피해 진상규명 및 납북피해자 명예회복에 관한 법률 일부개정법률안(조태용의원 등 14인),의원,2020-07-31,,,,소관위접수
16,2102581,고용보험법 일부개정법률안(전주혜의원 등 10인),의원,2020-07-31,,,,소관위접수
17,2102580,남녀고용평등과 일·가정 양립 지원에 관한 법률 일부개정법률안(박상혁의원 등 10인),의원,2020-07-31,,,,소관위접수
18,2102579,화학물질의 등록 및 평가 등에 관한 법률 일부개정법률안(김정호의원 등 12인),의원,2020-07-31,,,,소관위접수
19,2102578,일제하 일본군위안부 피해자에 대한 보호ㆍ지원 및 기념사업 등에 관한 법률 일부개정법률안(전주혜의원 등 10인),의원,2020-07-31,,,,소관위접수
20,2102577,어선법 일부개정법률안(성일종의원 등 10인),의원,2020-07-31,,,,소관위접수
21,2102576,근로기준법 일부개정법률안(전주혜의원 등 13인),의원,2020-07-31,,,,소관위접수
22,2102575,북한인권법 일부개정법률안(조태용의원 등 15인),의원,2020-07-31,,,,소관위접수
23,2102574,대규모유통업에서의 거래 공정화에 관한 법률 일부개정법률안(고용진의원 등 15인),의원,2020-07-31,,,,소관위접수
24,2102573,수상레저안전법 일부개정법률안(성일종의원 등 10인),의원,2020-07-31,,,,소관위접수
25,2102572,남북협력기금법 일부개정법률안(조태용의원 등 15인),의원,2020-07-31,,,,소관위접수
26,2102571,국가유공자 등 예우 및 지원에 관한 법률 일부개정법률안(고용진의원 등 10인),의원,2020-07-31,,,,소관위접수
27,2102570,지방공기업법 일부개정법률안(임이자의원 등 10인),의원,2020-07-31,,,,소관위접수
28,2102569,지방공기업법 일부개정법률안(정정순의원 등 10인),의원,2020-07-31,,,,소관위접수
29,2102568,지방공무원법 일부개정법률안(정정순의원 등 11인),의원,2020-07-31,,,,소관위접수
30,2102567,지방자치단체 출자·출연 기관의 운영에 관한 법률 일부개정법률안(정정순의원 등 10인),의원,2020-07-31,,,,소관위접수
31,2102566,공공기관의 운영에 관한 법률 일부개정법률안(임이자의원 등 10인),의원,2020-07-31,,,,소관위접수
32,2102565,국가공무원법 일부개정법률안(정정순의원 등 11인),의원,2020-07-31,,,,소관위접수
33,2102564,생활화학제품 및 살생물제의 안전관리에 관한 법률 일부개정법률안(김정호의원 등 12인),의원,2020-07-31,,,,소관위접수
34,2102563,공공기관의 운영에 관한 법률 일부개정법률안(정정순의원 등 11인),의원,2020-07-31,,,,소관위접수
35,2102562,자연환경보전법 일부개정법률안(김정호의원 등 13인),의원,2020-07-31,,,,소관위접수
36,2102561,동물원 및 수족관의 관리에 관한 법률 일부개정법률안(맹성규의원 등 13인),의원,2020-07-31,,,,소관위접수
37,2102560,한국방송통신대학교 설립 및 운영에 관한 법률안(송석준의원 등 10인),의원,2020-07-31,,,,접수
38,2102559,소득세법 일부개정법률안(김정호의원 등 15인),의원,2020-07-31,,,,소관위접수
39,2102558,농지법 일부개정법률안(김정호의원 등 12인),의원,2020-07-31,,,,소관위접수
40,2102557,도시공원 및 녹지 등에 관한 법률 일부개정법률안(맹성규의원 등 12인),의원,2020-07-31,,,,소관위접수
41,2102556,동물보호법 일부개정법률안(맹성규의원 등 13인),의원,2020-07-31,,,,소관위접수
42,2102555,동물보호법 일부개정법률안(맹성규의원 등 11인),의원,2020-07-31,,,,소관위접수
43,2102554,경찰법 일부개정법률안(정청래의원 등 12인),의원,2020-07-31,,,,소관위접수
44,2102553,보험사기방지 특별법 일부개정법률안(윤창현의원 등 13인),의원,2020-07-31,,,,소관위접수
45,2102552,보험업법 일부개정법률안(윤창현의원 등 13인),의원,2020-07-31,,,,소관위접수
46,2102551,금융소비자 보호에 관한 법률 일부개정법률안(윤창현의원 등 13인),의원,2020-07-31,,,,소관위접수
47,2102550,의료법 일부개정법률안(이종성의원 등 11인),의원,2020-07-31,,,,소관위접수
48,2102549,방송법 일부개정법률안(김영식의원 등 11인),의원,2020-07-31,,,,소관위접수
49,2102548,소상공인 보호 및 지원에 관한 법률 일부개정법률안(최승재의원 등 15인),의원,2020-07-31,,,,소관위접수
50,2102547,하도급거래 공정화에 관한 법률 일부개정법률안(김경만의원 등 10인),의원,2020-07-31,,,,소관위접수
51,2102546,고용정책 기본법 일부개정법률안(신영대의원 등 10인),의원,2020-07-31,,,,소관위접수
52,2102545,국세기본법 일부개정법률안(정청래의원 등 10인),의원,2020-07-31,,,,소관위접수
53,2102544,임업직접지불제 시행에 관한 법률안(정진석의원 등 12인),의원,2020-07-31,,,,소관위접수
54,2102543,방송법 일부개정법률안(정청래의원 등 15인),의원,2020-07-31,,,,소관위접수
55,2102542,여권법 일부개정법률안(정청래의원 등 10인),의원,2020-07-31,,,,소관위접수
56,2102541,부동산소유권 이전등기 등에 관한 특별조치법 일부개정법률안(위성곤의원 등 10인),의원,2020-07-31,,,,소관위접수
57,2102540,도로공간의 입체개발에 관한 법률안(박성중의원 등 10인),의원,2020-07-30,,,,소관위접수
58,2102539,건축법 일부개정법률안(김병욱의원 등 11인),의원,2020-07-30,,,,소관위접수
59,2102538,특정 금융거래정보의 보고 및 이용 등에 관한 법률 일부개정법률안(홍성국의원 등 15인),의원,2020-07-30,,,,소관위접수
60,2102537,지역의사법안(권칠승의원 등 15인),의원,2020-07-30,,,,소관위접수
61,2102536,상속세 및 증여세법 일부개정법률안(홍석준의원 등 11인),의원,2020-07-30,,,,소관위접수
62,2102535,사회적경제 기본법안(강병원의원 등 14인),의원,2020-07-30,,,,소관위접수
63,2102534,이자제한법 일부개정법률안(서영교의원 등 17인),의원,2020-07-30,,,,소관위접수
64,2102533,개별소비세법 일부개정법률안(추경호의원 등 13인),의원,2020-07-30,,,,소관위접수
65,2102532,국회법 일부개정법률안(최형두의원 등 12인),의원,2020-07-30,,,,소관위접수
66,2102531,국회법 일부개정법률안(이종배의원 등 12인),의원,2020-07-30,,,,소관위접수
67,2102530,공직선거법 일부개정법률안(박형수의원 등 10인),의원,2020-07-30,,,,소관위접수
68,2102529,상가건물 임대차보호법 일부개정법률안(박성민의원 등 10인),의원,2020-07-30,,,,소관위접수
69,2102528,복권 및 복권기금법 일부개정법률안(이명수의원 등 16인),의원,2020-07-30,,,,소관위접수
70,2102527,상훈법 일부개정법률안(이형석의원 등 12인),의원,2020-07-30,,,,소관위접수
71,2102526,독점규제 및 공정거래에 관한 법률 일부개정법률안(고용진의원 등 14인),의원,2020-07-30,,,,소관위접수
72,2102525,도로교통법 일부개정법률안(이명수의원 등 15인),의원,2020-07-30,,,,소관위접수
73,2102524,전기통신사업법 일부개정법률안(홍정민의원 등 10인),의원,2020-07-30,,,,소관위접수
74,2102523,지방재정법 일부개정법률안(이명수의원 등 15인),의원,2020-07-30,,,,소관위접수
75,2102522,하도급거래 공정화에 관한 법률 일부개정법률안(고용진의원 등 10인),의원,2020-07-30,,,,소관위접수
76,2102521,공공기관의 정보공개에 관한 법률 일부개정법률안(이명수의원 등 17인),의원,2020-07-30,,,,소관위접수
77,2102520,공사중단 장기방치 건축물의 정비 등에 관한 특별조치법 일부개정법률안(김병욱의원 등 11인),의원,2020-07-30,,,,소관위접수
78,2102519,주택도시기금법 일부개정법률안(김은혜의원 등 11인),의원,2020-07-30,,,,소관위접수
79,2102518,공공주택 특별법 일부개정법률안(김은혜의원 등 14인),의원,2020-07-30,,,,소관위접수
80,2102517,감염병의 예방 및 관리에 관한 법률 일부개정법률안(양금희의원 등 11인),의원,2020-07-30,,,,소관위접수
81,2102516,저출산·고령사회기본법 일부개정법률안(양금희의원 등 11인),의원,2020-07-30,,,,소관위접수
82,2102515,조세특례제한법 일부개정법률안(김상훈의원 등 10인),의원,2020-07-30,,,,소관위접수
83,2102514,방송문화진흥회법 일부개정법률안(박성중의원 등 10인),의원,2020-07-30,,,,소관위접수
84,2102513,지방세법 일부개정법률안(정일영의원 등 11인),의원,2020-07-30,,,,소관위접수
85,2102512,국세기본법 일부개정법률안(기동민의원 등 15인),의원,2020-07-30,,,,소관위접수
86,2102511,범죄예방 기반 조성에 관한 법률안(윤재옥의원 등 13인),의원,2020-07-30,,,,소관위접수
87,2102510,방송통신위원회 위원(김효재) 추천안,의장,2020-07-30,2020-07-30,원안가결,,본회의의결
88,2102509,방송통신위원회 위원(김현) 추천안,의장,2020-07-30,2020-07-30,원안가결,,본회의의결
89,2102508,산업집적활성화 및 공장설립에 관한 법률 일부개정법률안(김회재의원 등 18인),의원,2020-07-30,,,,소관위접수
90,2102507,소액사건심판법 일부개정법률안(이정문의원 등 12인),의원,2020-07-30,,,,소관위접수
91,2102506,하수도법 일부개정법률안(장철민의원 등 11인),의원,2020-07-30,,,,소관위접수
92,2102505,폐기물관리법 일부개정법률안(장철민의원 등 13인),의원,2020-07-30,,,,소관위접수
93,2102504,수도법 일부개정법률안(장철민의원 등 12인),의원,2020-07-30,,,,소관위접수
94,2102503,도로교통법 일부개정법률안(임호선의원 등 12인),의원,2020-07-30,,,,소관위접수
95,2102502,실종아동등의 보호 및 지원에 관한 법률 일부개정법률안(임호선의원 등 17인),의원,2020-07-30,,,,소관위접수
96,2102501,걷기여행길의 조성·관리 및 이용촉진에 관한 법률안(위성곤의원 등 10인),의원,2020-07-30,,,,소관위접수
97,2102500,주택임대차보호법 일부개정법률안(대안),위원장,2020-07-29,2020-07-30,원안가결,,정부이송
98,2102499,개성공업지구 지원에 관한 법률 일부개정법률안(태영호의원 등 13인),의원,2020-07-29,,,,소관위접수
99,2102498,조세특례제한법 일부개정법률안(김경협의원 등 13인),의원,2020-07-29,,,,소관위접수
0,2102497,조세특례제한법 일부개정법률안(조정식의원 등 10인),의원,2020-07-29,,,,소관위접수
1,2102496,지방세특례제한법 일부개정법률안(조정식의원 등 10인),의원,2020-07-29,,,,소관위접수
2,2102495,도로교통법 일부개정법률안(김용판의원 등 11인),의원,2020-07-29,,,,소관위접수
3,2102494,지방세특례제한법 일부개정법률안(김경협의원 등 13인),의원,2020-07-29,,,,소관위접수
4,2102493,대리점거래의 공정화에 관한 법률 일부개정법률안(고용진의원 등 11인),의원,2020-07-29,,,,소관위접수
5,2102492,대규모유통업에서의 거래 공정화에 관한 법률 일부개정법률안(고용진의원 등 10인),의원,2020-07-29,,,,소관위접수
6,2102491,노인복지법 전부개정법률안(기동민의원 등 12인),의원,2020-07-29,,,,소관위접수
7,2102490,교육관련기관의 정보공개에 관한 특례법 일부개정법률안(김진표의원 등 11인),의원,2020-07-29,,,,소관위접수
8,2102489,형사소송법 일부개정법률안(윤한홍의원 등 12인),의원,2020-07-29,,,,소관위접수
9,2102488,산업안전보건법 일부개정법률안(신정훈의원 등 14인),의원,2020-07-29,,,,소관위접수
10,2102487,독점규제 및 공정거래에 관한 법률 일부개정법률안(이정문의원 등 13인),의원,2020-07-29,,,,소관위접수
11,2102486,집단에너지사업법 일부개정법률안(최춘식의원 등 10인),의원,2020-07-29,,,,소관위접수
12,2102485,개별소비세법 일부개정법률안(최춘식의원 등 10인),의원,2020-07-29,,,,소관위접수
13,2102484,국세기본법 일부개정법률안(기동민의원 등 15인),의원,2020-07-29,,,,소관위접수
14,2102483,국가재정법 일부개정법률안(한기호의원 등 22인),의원,2020-07-29,,,,소관위접수
15,2102482,少額事件審判法 일부개정법률안(이정문의원 등 13인),의원,2020-07-29,,,,소관위접수
16,2102481,국가유공자 등 예우 및 지원에 관한 법률 일부개정법률안(윤주경의원 등 27인),의원,2020-07-29,,,,소관위접수
17,2102480,서울특별시 행정특례에 관한 법률 일부개정법률안(정성호의원 등 10인),의원,2020-07-29,,,,소관위접수
18,2102479,남녀고용평등과 일·가정 양립 지원에 관한 법률 일부개정법률안(윤미향의원 등 16인),의원,2020-07-29,,,,소관위접수
19,2102478,지방자치법 일부개정법률안(정성호의원 등 10인),의원,2020-07-29,,,,소관위접수
20,2102477,노동위원회법 일부개정법률안(윤미향의원 등 16인),의원,2020-07-29,,,,소관위접수
21,2102476,국민건강증진법 일부개정법률안(임오경의원 등 14인),의원,2020-07-29,,,,소관위접수
22,2102475,전자상거래 등에서의 소비자보호에 관한 법률 일부개정법률안(유동수의원 등 11인),의원,2020-07-29,,,,소관위접수
23,2102474,교원의 노동조합 설립 및 운영 등에 관한 법률 일부개정법률안(홍준표의원 등 12인),의원,2020-07-29,,,,소관위접수
24,2102473,고등교육법 일부개정법률안(홍준표의원 등 10인),의원,2020-07-29,,,,소관위접수
25,2102472,초·중등교육법 일부개정법률안(홍준표의원 등 13인),의원,2020-07-29,,,,소관위접수
26,2102471,국유재산특례제한법 일부개정법률안(김성환의원 등 28인),의원,2020-07-29,,,,소관위접수
27,2102470,지방의료원의 설립 및 운영에 관한 법률 일부개정법률안(이용빈의원 등 25인),의원,2020-07-29,,,,소관위접수
28,2102469,개인정보 보호법 일부개정법률안(허은아의원 등 11인),의원,2020-07-29,,,,소관위접수
29,2102468,지방재정법 일부개정법률안(이용빈의원 등 23인),의원,2020-07-29,,,,소관위접수
30,2102467,국가재정법 일부개정법률안(이용빈의원 등 25인),의원,2020-07-29,,,,소관위접수
31,2102466,지방대학 및 지역균형인재 육성에 관한 법률 일부개정법률안(서동용의원 등 11인),의원,2020-07-29,,,,소관위접수
32,ZZ21015,국가기후환경회의 위원 추천의 건,기타,2020-07-28,,,,접수
33,2102465,고문방지 및 고문피해자 구제·지원에 관한 법률안(인재근의원 등 130인),의원,2020-07-28,,,,소관위접수
34,2102464,헌법 가치인 국가균형발전 이행 촉구 결의안(안병길의원 등 14인),의원,2020-07-28,,,,소관위접수
35,2102463,검찰청법 일부개정법률안(김용민의원 등 14인),의원,2020-07-28,,,,소관위접수
36,2102462,도로교통법 일부개정법률안(이종성의원 등 10인),의원,2020-07-28,,,,소관위접수
37,2102461,국세기본법 일부개정법률안(기동민의원 등 12인),의원,2020-07-28,,,,소관위접수
38,2102460,형사소송법 일부개정법률안(인재근의원 등 129인),의원,2020-07-28,,,,소관위접수
39,2102459,접경지역 지원 특별법 일부개정법률안(한기호의원 등 24인),의원,2020-07-28,,,,소관위접수
40,2102458,경찰법 일부개정법률안(김영호의원 등 10인),의원,2020-07-28,,,,소관위접수
41,2102457,고문 피해의 회복을 위한 청구권의 소멸시효에 관한 특례법안(인재근의원 등 130인),의원,2020-07-28,,,,소관위접수
42,2102456,형법 일부개정법률안(인재근의원 등 131인),의원,2020-07-28,,,,소관위접수
43,2102455,남북협력기금법 일부개정법률안(한기호의원 등 23인),의원,2020-07-28,,,,소관위접수
44,2102454,천안함 생존 장병 지원 등에 관한 특별법안(한기호의원 등 21인),의원,2020-07-28,,,,소관위접수
45,2102453,군유휴지 및 군유휴지주변지역 발전 및 지원에 관한 특별법안(한기호의원 등 24인),의원,2020-07-28,,,,소관위접수
46,2102452,식품위생법 일부개정법률안(강선우의원 등 10인),의원,2020-07-28,,,,소관위접수
47,2102451,축산물 위생관리법 일부개정법률안(강선우의원 등 12인),의원,2020-07-28,,,,소관위접수
48,2102450,군사경찰의 직무수행 및 안전활동에 관한 법률안(한기호의원 등 22인),의원,2020-07-28,,,,소관위접수
49,2102449,여수·순천 10·19사건 진상규명 및 희생자 명예회복에 관한 특별법안(소병철의원 등 152인),의원,2020-07-28,,,,소관위접수
50,2102448,한국수출입은행법 일부개정법률안(우원식의원 등 21인),의원,2020-07-28,,,,소관위접수
51,2102447,이장ㆍ통장 운영 및 지원에 관한 법률안(이명수의원 등 11인),의원,2020-07-28,,,,소관위접수
52,2102446,한국전력공사법 일부개정법률안(김성환의원 등 21인),의원,2020-07-28,,,,소관위접수
53,2102445,한국산업은행법 일부개정법률안(민형배의원 등 21인),의원,2020-07-28,,,,소관위접수
54,2102444,국민체육진흥법 일부개정법률안(임오경의원 등 12인),의원,2020-07-28,,,,소관위접수
55,2102443,국가재정법 일부개정법률안(한기호의원 등 23인),의원,2020-07-28,,,,소관위접수
56,2102442,지방교부세법 일부개정법률안(한기호의원 등 11인),의원,2020-07-28,,,,소관위접수
57,2102441,인천국제공항공사법 일부개정법률안(배준영의원 등 10인),의원,2020-07-28,2020-08-05,철회,,철회
58,2102440,어린이 식생활안전관리 특별법 일부개정법률안(박덕흠의원 등 12인),의원,2020-07-28,,,,소관위접수
59,2102439,공직선거법 일부개정법률안(소병철의원 등 12인),의원,2020-07-28,,,,소관위접수
60,2102438,장애인고용촉진 및 직업재활법 일부개정법률안(김예지의원 등 37인),의원,2020-07-28,,,,소관위접수
61,2102437,지방세특례제한법 일부개정법률안(김예지의원 등 10인),의원,2020-07-28,,,,소관위접수
62,2102436,최저임금법 일부개정법률안(김예지의원 등 37인),의원,2020-07-28,,,,소관위접수
63,2102435,공직선거법 일부개정법률안(박수영의원 등 40인),의원,2020-07-28,,,,소관위접수
64,2102434,무역보험법 일부개정법률안(이소영의원 등 21인),의원,2020-07-28,,,,소관위접수
65,2102433,지방교부세법 일부개정법률안(이상민의원 등 10인),의원,2020-07-28,,,,소관위접수
66,2102432,원자력안전법 일부개정법률안(이상민의원 등 11인),의원,2020-07-28,,,,소관위접수
67,2102431,공공주택 특별법 일부개정법률안(양향자의원 등 15인),의원,2020-07-28,,,,소관위접수
68,2102430,조세특례제한법 일부개정법률안(서일준의원 등 11인),의원,2020-07-28,,,,소관위접수
69,2102429,조세특례제한법 일부개정법률안(김수흥의원 등 10인),의원,2020-07-28,,,,소관위접수
70,2102428,상속세 및 증여세법 일부개정법률안(김수흥의원 등 10인),의원,2020-07-28,,,,소관위접수
71,2102427,청소년 보호법 일부개정법률안(임오경의원 등 10인),의원,2020-07-28,,,,소관위접수
72,2102426,부가가치세법 일부개정법률안(김수흥의원 등 10인),의원,2020-07-28,,,,소관위접수
73,2102425,주세법 일부개정법률안(김수흥의원 등 10인),의원,2020-07-28,,,,소관위접수
74,2102424,국세기본법 일부개정법률안(김수흥의원 등 10인),의원,2020-07-28,,,,소관위접수
75,2102423,법인세법 일부개정법률안(김수흥의원 등 10인),의원,2020-07-28,,,,소관위접수
76,2102422,지방회계법 일부개정법률안(허영의원 등 22인),의원,2020-07-27,,,,소관위접수
77,2102421,지방재정법 일부개정법률안(허영의원 등 22인),의원,2020-07-27,,,,소관위접수
78,2102420,전기사업법 일부개정법률안(이소영의원 등 11인),의원,2020-07-27,,,,소관위접수
79,2102419,하도급거래 공정화에 관한 법률 일부개정법률안(이학영의원 등 11인),의원,2020-07-27,,,,소관위접수
80,2102418,한국방송통신대학교 설립ㆍ운영에 관한 법률안(임이자의원 등 10인),의원,2020-07-27,,,,소관위접수
81,2102417,국가재정법 일부개정법률안(허영의원 등 22인),의원,2020-07-27,,,,소관위접수
82,2102416,지방자치단체 기금관리기본법 일부개정법률안(허영의원 등 22인),의원,2020-07-27,,,,소관위접수
83,2102415,국가회계법 일부개정법률안(허영의원 등 22인),의원,2020-07-27,,,,소관위접수
84,2102414,아동학대범죄의 처벌 등에 관한 특례법 일부개정법률안(신동근의원 등 10인),의원,2020-07-27,,,,소관위접수
85,2102413,독점규제 및 공정거래에 관한 법률 일부개정법률안(이학영의원 등 11인),의원,2020-07-27,,,,소관위접수
86,2102412,국회에서의 증언·감정 등에 관한 법률 일부개정법률안(김정재의원 등 10인),의원,2020-07-27,,,,소관위접수
87,2102411,영유아보육법 일부개정법률안(김정재의원 등 10인),의원,2020-07-27,,,,소관위접수
88,2102410,감염병의 예방 및 관리에 관한 법률 일부개정법률안(김정재의원 등 10인),의원,2020-07-27,,,,소관위접수
89,2102409,독점규제 및 공정거래에 관한 법률 일부개정법률안(이학영의원 등 12인),의원,2020-07-27,,,,소관위접수
90,2102408,과학기술분야 정부출연연구기관 등의 설립·운영 및 육성에 관한 법률 일부개정법률안(조승래의원 등 13인),의원,2020-07-27,,,,소관위접수
91,2102407,사립학교법 일부개정법률안(조승래의원 등 11인),의원,2020-07-27,,,,소관위접수
92,2102406,도로교통법 일부개정법률안(조승래의원 등 12인),의원,2020-07-27,,,,소관위접수
93,2102405,전자상거래 등에서의 소비자보호에 관한 법률 일부개정법률안(유동수의원 등 10인),의원,2020-07-27,,,,소관위접수
94,2102404,소득세법 일부개정법률안(강병원의원 등 11인),의원,2020-07-27,,,,소관위접수
95,2102403,유아교육법 일부개정법률안(정춘숙의원 등 10인),의원,2020-07-27,,,,소관위접수
96,2102402,감염병의 예방 및 관리에 관한 법률 일부개정법률안(정춘숙의원 등 10인),의원,2020-07-27,,,,소관위접수
97,2102401,배타적 경제수역에서의 외국인어업 등에 대한 주권적 권리의 행사에 관한 법률 일부개정법률안(백혜련의원 등 12인),의원,2020-07-27,,,,소관위접수
98,2102400,최저임금법 일부개정법률안(백혜련의원 등 12인),의원,2020-07-27,,,,소관위접수
99,2102399,노동위원회법 일부개정법률안(백혜련의원 등 12인),의원,2020-07-27,,,,소관위접수
0,2102398,남북교류협력에 관한 법률 일부개정법률안(추경호의원 등 14인),의원,2020-07-27,,,,소관위접수
1,2102397,기간제 및 단시간근로자 보호 등에 관한 법률 일부개정법률안(백혜련의원 등 12인),의원,2020-07-27,,,,소관위접수
2,2102396,형법 일부개정법률안(정성호의원 등 10인),의원,2020-07-27,,,,소관위접수
3,2102395,변호사법 일부개정법률안(정성호의원 등 10인),의원,2020-07-27,,,,소관위접수
4,2102394,재한외국인 처우 기본법 일부개정법률안(정성호의원 등 11인),의원,2020-07-27,,,,소관위접수
5,2102393,국가재정법 일부개정법률안(정성호의원 등 10인),의원,2020-07-27,,,,소관위접수
6,2102392,파견근로자 보호 등에 관한 법률 일부개정법률안(홍준표의원 등 10인),의원,2020-07-27,,,,소관위접수
7,2102391,의료법 일부개정법률안(김원이의원 등 29인),의원,2020-07-27,,,,소관위접수
8,2102390,지역의사 양성을 위한 법률안(김원이의원 등 29인),의원,2020-07-27,,,,소관위접수
9,2102389,도로교통법 일부개정법률안(송옥주의원 등 11인),의원,2020-07-27,,,,소관위접수
10,2102388,제주4·3사건 진상규명 및 희생자 명예회복에 관한 특별법 전부개정법률안(오영훈의원 등 136인),의원,2020-07-27,,,,소관위접수
11,2102387,노동조합 및 노동관계조정법 일부개정법률안(홍준표의원 등 10인),의원,2020-07-27,,,,소관위접수
12,2102386,정당법 일부개정법률안(김민철의원 등 13인),의원,2020-07-27,,,,소관위접수
13,2102385,공무원의 노동조합 설립 및 운영 등에 관한 법률 일부개정법률안(홍준표의원 등 11인),의원,2020-07-27,,,,소관위접수
14,2102384,장애인복지법 일부개정법률안(송옥주의원 등 10인),의원,2020-07-27,,,,소관위접수
15,2102383,정보통신망 이용촉진 및 정보보호 등에 관한 법률 일부개정법률안(한병도의원 등 11인),의원,2020-07-27,,,,소관위접수
16,ZZ21014,한국신문윤리위원회 윤리위원 추천의건,기타,2020-07-24,,,,접수
17,2102382,의료법 일부개정법률안(김남국의원 등 13인),의원,2020-07-24,,,,소관위접수
18,2102381,고용보험법 일부개정법률안(전재수의원 등 14인),의원,2020-07-24,,,,소관위접수
19,2102380,공익신고자 보호법 일부개정법률안(전용기의원 등 12인),의원,2020-07-24,,,,소관위접수
20,2102379,진실·화해를 위한 과거사정리 기본법 일부개정법률안(전용기의원 등 13인),의원,2020-07-24,,,,소관위접수
21,2102378,북한이탈주민의 보호 및 정착지원에 관한 법률 일부개정법률안(태영호의원 등 12인),의원,2020-07-24,,,,소관위접수
22,2102377,공유경제기본법안(태영호의원 등 10인),의원,2020-07-24,,,,소관위접수
23,2102376,정치자금법 일부개정법률안(전용기의원 등 10인),의원,2020-07-24,,,,소관위접수
24,2102375,변호사시험법 일부개정법률안(전용기의원 등 12인),의원,2020-07-24,,,,소관위접수
25,2102374,정보통신망 이용촉진 및 정보보호 등에 관한 법률 일부개정법률안(태영호의원 등 15인),의원,2020-07-24,,,,소관위접수
26,2102373,집회 및 시위에 관한 법률 일부개정법률안(전용기의원 등 10인),의원,2020-07-24,,,,소관위접수
27,2102372,방송법 일부개정법률안(조수진의원 등 26인),의원,2020-07-24,,,,소관위접수
28,2102371,공공기관의 운영에 관한 법률 일부개정법률안(김주영의원 등 15인),의원,2020-07-24,,,,소관위접수
29,2102370,근로기준법 일부개정법률안(이용호의원 등 11인),의원,2020-07-24,,,,소관위접수
30,2102369,국회법 일부개정법률안(조수진의원 등 16인),의원,2020-07-24,,,,소관위접수
31,2102368,지적재조사에 관한 특별법 일부개정법률안(김윤덕의원 등 14인),의원,2020-07-24,,,,소관위접수
32,2102367,사법경찰관리의 직무를 수행할 자와 그 직무범위에 관한 법률 일부개정법률안(구자근의원 등 10인),의원,2020-07-24,,,,소관위접수
33,2102366,해외진출기업의 국내복귀 지원에 관한 법률 일부개정법률안(구자근의원 등 10인),의원,2020-07-24,,,,소관위접수
34,2102365,국가공무원법 일부개정법률안(이용호의원 등 11인),의원,2020-07-24,,,,소관위접수
35,2102364,지방공무원법 일부개정법률안(이용호의원 등 11인),의원,2020-07-24,,,,소관위접수
36,2102363,지방자치법 일부개정법률안(전혜숙의원 등 10인),의원,2020-07-24,,,,소관위접수
37,2102362,대리점거래의 공정화에 관한 법률 일부개정법률안(이학영의원 등 10인),의원,2020-07-24,,,,소관위접수
38,2102361,장애인고용촉진 및 직업재활법 일부개정법률안(송옥주의원 등 10인),의원,2020-07-24,,,,소관위접수
39,2102360,의료법 일부개정법률안(최혜영의원 등 32인),의원,2020-07-24,,,,소관위접수
40,2102359,남녀고용평등과 일·가정 양립 지원에 관한 법률 일부개정법률안(이규민의원 등 14인),의원,2020-07-24,,,,소관위접수
41,2102358,감염병의 예방 및 관리에 관한 법률 일부개정법률안(강병원의원 등 13인),의원,2020-07-24,,,,소관위접수
42,2102357,"화재예방, 소방시설 설치·유지 및 안전관리에 관한 법률 일부개정법률안(박성중의원 등 11인)",의원,2020-07-24,,,,소관위접수
43,2102356,종합부동산세법 일부개정법률안(박성중의원 등 10인),의원,2020-07-24,,,,소관위접수
44,2102355,형사소송법 일부개정법률안(이수진의원 등 29인),의원,2020-07-24,,,,소관위접수
45,2102354,형법 일부개정법률안(조경태의원 등 11인),의원,2020-07-24,,,,소관위접수
46,2102353,공동주택관리법 일부개정법률안(정찬민의원 등 11인),의원,2020-07-24,,,,소관위접수
47,2102352,남녀고용평등과 일·가정 양립 지원에 관한 법률 일부개정법률안(박주민의원 등 11인),의원,2020-07-24,,,,소관위접수
48,2102351,국민체육진흥법 일부개정법률안(이상헌의원 등 14인),의원,2020-07-24,,,,소관위접수
49,2102350,모자보건법 일부개정법률안(이종성의원 등 10인),의원,2020-07-24,,,,소관위접수
50,2102349,토지이용 인·허가 절차 간소화를 위한 특별법 일부개정법률안(조응천의원 등 10인),의원,2020-07-24,,,,소관위접수
51,2102348,조세특례제한법 일부개정법률안(조응천의원 등 10인),의원,2020-07-24,,,,소관위접수
52,2102347,발달장애인 권리보장 및 지원에 관한 법률 일부개정법률안(한병도의원 등 12인),의원,2020-07-24,,,,소관위접수
53,2102346,코로나바이러스감염증-19 위기 극복을 위한 특별조치법안(임이자의원 등 10인),의원,2020-07-24,,,,소관위접수
54,2102345,종합부동산세법 일부개정법률안(추경호의원 등 11인),의원,2020-07-24,,,,소관위접수
55,2102344,‘6.15 남북공동선언 기념일’ 지정 촉구 결의안(김한정의원 등 19인),의원,2020-07-24,,,,소관위접수
56,2102343,지방세특례제한법 일부개정법률안(추경호의원 등 19인),의원,2020-07-24,,,,소관위접수
57,2102342,자본시장과 금융투자업에 관한 법률 일부개정법률안(유동수의원 등 10인),의원,2020-07-24,,,,소관위접수
58,2102341,옥외광고물 등의 관리와 옥외광고산업 진흥에 관한 법률 일부개정법률안(김민철의원 등 19인),의원,2020-07-24,,,,소관위접수
59,2102340,노동조합 및 노동관계조정법 일부개정법률안(우원식의원 등 11인),의원,2020-07-23,,,,소관위접수
60,2102339,대리점거래의 공정화에 관한 법률 일부개정법률안(우원식의원 등 14인),의원,2020-07-23,,,,소관위접수
61,2102338,대도시권 광역교통 관리에 관한 특별법 일부개정법률안(김정호의원 등 11인),의원,2020-07-23,,,,소관위접수
62,2102337,녹색건축물 조성 지원법 일부개정법률안(김정호의원 등 11인),의원,2020-07-23,,,,소관위접수
63,2102336,국민체육진흥법 일부개정법률안(박정의원 등 10인),의원,2020-07-23,,,,소관위접수
64,2102335,상가건물 임대차보호법 일부개정법률안(우원식의원 등 14인),의원,2020-07-23,,,,소관위접수
65,2102334,사회적기업 육성법 일부개정법률안(김정호의원 등 11인),의원,2020-07-23,,,,소관위접수
66,2102333,가족관계의 등록 등에 관한 법률 일부개정법률안(양금희의원 등 10인),의원,2020-07-23,,,,소관위접수
67,2102332,금융실명거래 및 비밀보장에 관한 법률 일부개정법률안(정청래의원 등 10인),의원,2020-07-23,,,,소관위접수
68,2102331,민법 일부개정법률안(양금희의원 등 10인),의원,2020-07-23,,,,소관위접수
69,2102330,상표법 일부개정법률안(김정호의원 등 10인),의원,2020-07-23,,,,소관위접수
70,2102329,초지법 일부개정법률안(김정호의원 등 11인),의원,2020-07-23,,,,소관위접수
71,2102328,발명진흥법 일부개정법률안(김정호의원 등 10인),의원,2020-07-23,,,,소관위접수
72,2102327,형사소송법 일부개정법률안(조응천의원 등 10인),의원,2020-07-23,,,,소관위접수
73,2102326,공유수면 관리 및 매립에 관한 법률 일부개정법률안(김정호의원 등 11인),의원,2020-07-23,,,,소관위접수
74,2102325,지방소멸위기지역 지원을 위한 특별법안(이원택의원 등 29인),의원,2020-07-23,,,,소관위접수
75,2102324,근로자퇴직급여 보장법 일부개정법률안(안호영의원 등 11인),의원,2020-07-23,,,,소관위접수
76,2102323,근로복지기본법 일부개정법률안(안호영의원 등 11인),의원,2020-07-23,,,,소관위접수
77,2102322,고용보험 및 산업재해보상보험의 보험료징수 등에 관한 법률 일부개정법률안(안호영의원 등 11인),의원,2020-07-23,,,,소관위접수
78,2102321,도로교통법 일부개정법률안(이형석의원 등 18인),의원,2020-07-23,,,,소관위접수
79,2102320,공직자윤리법 일부개정법률안(서동용의원 등 13인),의원,2020-07-23,,,,소관위접수
80,2102319,주택법 일부개정법률안(김교흥의원 등 13인),의원,2020-07-23,,,,소관위접수
81,2102318,스마트 건설기술 활용 촉진을 위한 특별법안(이원욱의원 등 14인),의원,2020-07-23,,,,소관위접수
82,2102317,헌법 가치인 국가균형발전 이행 촉구 결의안(안병길의원 등 17인),의원,2020-07-23,2020-07-28,철회,,철회
83,2102316,가맹사업거래의 공정화에 관한 법률 일부개정법률안(민형배의원 등 13인),의원,2020-07-23,,,,소관위접수
84,2102315,국회법 일부개정법률안(민형배의원 등 10인),의원,2020-07-23,,,,소관위접수
85,2102314,고향사랑 기부금에 관한 법률안(한병도의원 등 10인),의원,2020-07-23,,,,소관위접수
86,2102313,약사법 일부개정법률안(전혜숙의원 등 11인),의원,2020-07-23,,,,소관위접수
87,2102312,국민체육진흥법 일부개정법률안(양경숙의원 등 12인),의원,2020-07-23,,,,소관위접수
88,2102311,경범죄 처벌법 일부개정법률안(민형배의원 등 10인),의원,2020-07-23,,,,소관위접수
89,2102310,5·18민주화운동 관련자 보상 등에 관한 법률 일부개정법률안(민형배의원 등 26인),의원,2020-07-23,,,,소관위접수
90,2102309,지방세법 일부개정법률안(민형배의원 등 11인),의원,2020-07-23,,,,소관위접수
91,2102308,고용보험법 일부개정법률안(이달곤의원 등 10인),의원,2020-07-23,,,,소관위접수
92,2102307,악취방지법 일부개정법률안,정부,2020-07-23,,,,소관위접수
93,2102306,소득세법 일부개정법률안(김경협의원 등 12인),의원,2020-07-23,,,,소관위접수
94,2102305,국가재정법 일부개정법률안(김경협의원 등 13인),의원,2020-07-23,,,,소관위접수
95,2102304,도로교통법 일부개정법률안(엄태영의원 등 12인),의원,2020-07-23,,,,소관위접수
96,2102303,교육공무원법 일부개정법률안(권인숙의원 등 11인),의원,2020-07-23,,,,소관위접수
97,2102302,공공단체등 위탁선거에 관한 법률 일부개정법률안(김승남의원 등 10인),의원,2020-07-23,,,,소관위접수
98,2102301,국세기본법 일부개정법률안(김경협의원 등 12인),의원,2020-07-23,,,,소관위접수
99,2102300,법인세법 일부개정법률안(김경협의원 등 12인),의원,2020-07-23,,,,소관위접수
0,2102299,근로기준법 일부개정법률안(최승재의원 등 13인),의원,2020-07-23,,,,소관위접수
1,2102298,장애인복지법 일부개정법률안(강선우의원 등 29인),의원,2020-07-22,,,,소관위접수
2,2102297,성폭력방지 및 피해자보호 등에 관한 법률 일부개정법률안(김도읍의원 등 10인),의원,2020-07-22,,,,소관위접수
3,2102296,식품위생법 일부개정법률안(전혜숙의원 등 16인),의원,2020-07-22,,,,소관위접수
4,2102295,유아교육법 일부개정법률안(전혜숙의원 등 16인),의원,2020-07-22,,,,소관위접수
5,2102294,약사법 일부개정법률안(전혜숙의원 등 11인),의원,2020-07-22,,,,소관위접수
6,2102293,약사법 일부개정법률안(전혜숙의원 등 10인),의원,2020-07-22,,,,소관위접수
7,2102292,세무사법 일부개정법률안(양경숙의원 등 20인),의원,2020-07-22,,,,소관위접수
8,2102291,정보통신망 이용촉진 및 정보보호 등에 관한 법률 일부개정법률안(윤영찬의원 등 34인),의원,2020-07-22,,,,소관위접수
9,2102290,의료법 일부개정법률안(전혜숙의원 등 11인),의원,2020-07-22,,,,소관위접수
10,2102289,공직선거법 일부개정법률안(박성민의원 등 10인),의원,2020-07-22,,,,소관위접수
11,2102288,세무사법 일부개정법률안(추경호의원 등 11인),의원,2020-07-22,,,,소관위접수
12,2102287,형법 일부개정법률안(윤한홍의원 등 12인),의원,2020-07-22,,,,소관위접수
13,2102286,도로교통법 일부개정법률안(이형석의원 등 12인),의원,2020-07-22,,,,소관위접수
14,2102285,청소년 보호법 일부개정법률안(송언석의원 등 10인),의원,2020-07-22,,,,소관위접수
15,2102284,정부조직법 일부개정법률안(김영주의원 등 40인),의원,2020-07-22,,,,소관위접수
16,2102283,농어업재해보험법 일부개정법률안(이용호의원 등 10인),의원,2020-07-22,,,,소관위접수
17,2102282,소득세법 일부개정법률안(조경태의원 등 10인),의원,2020-07-22,,,,소관위접수
18,2102281,산업교육진흥 및 산학연협력촉진에 관한 법률 일부개정법률안(송갑석의원 등 10인),의원,2020-07-22,,,,소관위접수
19,2102280,의료법 일부개정법률안(정춘숙의원 등 10인),의원,2020-07-22,,,,소관위접수
20,2102279,국민건강보험법 일부개정법률안(기동민의원 등 15인),의원,2020-07-22,,,,소관위접수
21,2102278,변호사법 일부개정법률안(최기상의원 등 24인),의원,2020-07-22,,,,소관위접수
22,2102277,항공안전법 일부개정법률안(문진석의원 등 11인),의원,2020-07-22,,,,소관위접수
23,2102276,대도시권 광역교통 관리에 관한 특별법 일부개정법률안(김윤덕의원 등 12인),의원,2020-07-22,,,,소관위접수
24,2102275,군인연금법 일부개정법률안(기동민의원 등 15인),의원,2020-07-22,,,,소관위접수
25,2102274,형법 일부개정법률안(신영대의원 등 10인),의원,2020-07-22,,,,소관위접수
26,2102273,담배사업법 일부개정법률안(정춘숙의원 등 10인),의원,2020-07-22,,,,소관위접수
27,2102272,수산물 유통의 관리 및 지원에 관한 법률 일부개정법률안(김원이의원 등 13인),의원,2020-07-22,,,,소관위접수
28,2102271,공직자윤리법 일부개정법률안(윤재갑의원 등 12인),의원,2020-07-22,,,,소관위접수
29,2102270,도시재생 활성화 및 지원에 관한 특별법 일부개정법률안(김원이의원 등 14인),의원,2020-07-22,,,,소관위접수
30,2102269,지방자치법 일부개정법률안(박덕흠의원 등 11인),의원,2020-07-22,,,,소관위접수
31,2102268,의료법 일부개정법률안(기동민의원 등 14인),의원,2020-07-22,,,,소관위접수
32,2102267,공공주택 특별법 일부개정법률안(박덕흠의원 등 11인),의원,2020-07-22,,,,소관위접수
33,2102266,보조금 관리에 관한 법률 일부개정법률안(김원이의원 등 11인),의원,2020-07-22,,,,소관위접수
34,2102265,군인사법 일부개정법률안(기동민의원 등 15인),의원,2020-07-22,,,,소관위접수
35,2102264,군인 재해보상법 일부개정법률안(기동민의원 등 15인),의원,2020-07-22,,,,소관위접수
36,2102263,신용보증기금법 일부개정법률안(홍성국의원 등 18인),의원,2020-07-22,,,,소관위접수
37,2102262,사립학교법 일부개정법률안(박찬대의원 등 10인),의원,2020-07-21,,,,소관위접수
38,2102261,고등교육법 일부개정법률안(박찬대의원 등 10인),의원,2020-07-21,,,,소관위접수
39,2102260,근로기준법 일부개정법률안(조정훈의원 등 10인),의원,2020-07-21,,,,소관위접수
40,2102259,지방교육자치에 관한 법률 일부개정법률안(정청래의원 등 10인),의원,2020-07-21,,,,소관위접수
41,2102258,자연재해대책법 일부개정법률안(이해식의원 등 23인),의원,2020-07-21,,,,소관위접수
42,2102257,국회법 일부개정법률안(박완주의원 등 10인),의원,2020-07-21,,,,소관위접수
43,2102256,소득세법 일부개정법률안(추경호의원 등 10인),의원,2020-07-21,,,,소관위접수
44,2102255,재난 및 안전관리 기본법 일부개정법률안(이해식의원 등 23인),의원,2020-07-21,,,,소관위접수
45,2102254,하도급거래 공정화에 관한 법률 일부개정법률안(남인순의원 등 15인),의원,2020-07-21,,,,소관위접수
46,2102253,국민체육진흥법 일부개정법률안(배현진의원 등 12인),의원,2020-07-21,2020-08-04,대안반영폐기,,대안반영폐기
47,2102252,산업안전보건법 일부개정법률안(이소영의원 등 23인),의원,2020-07-21,,,,소관위접수
48,2102251,대리점거래의 공정화에 관한 법률 일부개정법률안(남인순의원 등 15인),의원,2020-07-21,,,,소관위접수
49,2102250,대규모유통업에서의 거래 공정화에 관한 법률 일부개정법률안(남인순의원 등 15인),의원,2020-07-21,,,,소관위접수
50,2102249,가맹사업거래의 공정화에 관한 법률 일부개정법률안(남인순의원 등 15인),의원,2020-07-21,,,,소관위접수
51,2102248,법인세법 일부개정법률안(김영진의원 등 11인),의원,2020-07-21,,,,소관위접수
52,2102247,국민체육진흥법 일부개정법률안(김승수의원 등 12인),의원,2020-07-21,2020-08-04,대안반영폐기,,대안반영폐기
53,2102246,특정범죄 가중처벌 등에 관한 법률 일부개정법률안(김승수의원 등 10인),의원,2020-07-21,,,,소관위접수
54,2102245,근로자의 날 제정에 관한 법률 전부개정법률안(전주혜의원 등 10인),의원,2020-07-21,,,,소관위접수
55,2102244,학교체육 진흥법 일부개정법률안(김승수의원 등 12인),의원,2020-07-21,,,,소관위접수
56,2102243,스포츠계 폭력 근절을 위한 스포츠혁신위원회 권고안 전면 이행 촉구 결의안(안민석의원 등 66인),의원,2020-07-21,,,,소관위접수
57,2102242,전통시장 및 상점가 육성을 위한 특별법 일부개정법률안(김용판의원 등 14인),의원,2020-07-21,,,,소관위접수
58,2102241,가맹사업 진흥에 관한 법률 일부개정법률안(최승재의원 등 14인),의원,2020-07-21,,,,소관위접수
59,2102240,장애인복지법 일부개정법률안(최혜영의원 등 22인),의원,2020-07-21,,,,소관위접수
60,2102239,한국산업은행법 일부개정법률안(진성준의원 등 10인),의원,2020-07-21,,,,소관위접수
61,2102238,도시교통정비 촉진법 일부개정법률안(진성준의원 등 10인),의원,2020-07-21,,,,소관위접수
62,2102237,장애물 없는 생활환경 인증에 관한 법률안(김원이의원 등 15인),의원,2020-07-21,,,,소관위접수
63,2102236,뇌연구 촉진법 일부개정법률안(이정문의원 등 11인),의원,2020-07-21,,,,소관위접수
64,2102235,교통약자의 이동편의 증진법 일부개정법률안(김원이의원 등 15인),의원,2020-07-21,,,,소관위접수
65,2102234,조세특례제한법 일부개정법률안(전주혜의원 등 12인),의원,2020-07-21,,,,소관위접수
66,2102233,산업재해보상보험법 일부개정법률안(임이자의원 등 10인),의원,2020-07-21,,,,소관위접수
67,2102232,국회법 일부개정법률안(진성준의원 등 10인),의원,2020-07-21,,,,소관위접수
68,2102231,의료사고 피해구제 및 의료분쟁 조정 등에 관한 법률 일부개정법률안(이정문의원 등 10인),의원,2020-07-21,,,,소관위접수
69,2102230,참전유공자 예우 및 단체설립에 관한 법률 일부개정법률안(이정문의원 등 10인),의원,2020-07-21,,,,소관위접수
70,2102229,장애인·노인·임산부 등의 편의증진 보장에 관한 법률 일부개정법률안(김원이의원 등 15인),의원,2020-07-21,,,,소관위접수
71,2102228,소방기본법 일부개정법률안(이정문의원 등 12인),의원,2020-07-21,,,,소관위접수
72,2102227,행정소송법 일부개정법률안(이정문의원 등 11인),의원,2020-07-21,,,,소관위접수
73,2102226,조세특례제한법 일부개정법률안(이종배의원 등 10인),의원,2020-07-21,,,,소관위접수
74,2102225,장사 등에 관한 법률 일부개정법률안(위성곤의원 등 10인),의원,2020-07-21,,,,소관위접수
75,2102224,자율방범대 설치 및 지원에 관한 법률안(이명수의원 등 13인),의원,2020-07-21,,,,소관위접수
76,2102223,약사법 일부개정법률안(김상희의원 등 10인),의원,2020-07-21,,,,소관위접수
77,2102222,도서관법 전부개정법률안(도종환의원 등 42인),의원,2020-07-21,,,,소관위접수
78,2102221,공직자윤리법 일부개정법률안(윤재갑의원 등 10인),의원,2020-07-21,,,,소관위접수
79,2102220,관광진흥법 일부개정법률안(위성곤의원 등 10인),의원,2020-07-21,,,,소관위접수
80,2102219,법원행정처장(조재연) 출석요구의 건(주호영의원 등 103인),의원,2020-07-21,,,,접수
81,2102218,영화 및 비디오물의 진흥에 관한 법률 일부개정법률안(이종성의원 등 10인),의원,2020-07-21,,,,소관위접수
82,2102217,공연법 일부개정법률안(이종성의원 등 10인),의원,2020-07-21,,,,소관위접수
83,2102216,학교보건법 일부개정법률안(허종식의원 등 11인),의원,2020-07-21,,,,소관위접수
84,2102215,국민연금법 일부개정법률안(김성주의원 등 13인),의원,2020-07-21,,,,소관위접수
85,2102214,중소기업 인력지원 특별법 일부개정법률안(홍석준의원 등 11인),의원,2020-07-21,,,,소관위접수
86,2102213,폐기물관리법 일부개정법률안(성일종의원 등 11인),의원,2020-07-21,,,,소관위접수
87,2102212,지방세특례제한법 일부개정법률안(권명호의원 등 11인),의원,2020-07-21,,,,소관위접수
88,2102211,아동복지법 일부개정법률안(최혜영의원 등 19인),의원,2020-07-21,,,,소관위접수
89,2102210,아동학대범죄의 처벌 등에 관한 특례법 일부개정법률안(최혜영의원 등 18인),의원,2020-07-21,,,,소관위접수
90,2102209,도시공원 및 녹지 등에 관한 법률 일부개정법률안(윤준병의원 등 13인),의원,2020-07-20,,,,소관위접수
91,2102208,벤처투자 촉진에 관한 법률 일부개정법률안(김경만의원 등 10인),의원,2020-07-20,,,,소관위접수
92,2102207,근로기준법 일부개정법률안(임이자의원 등 10인),의원,2020-07-20,,,,소관위접수
93,2102206,산업안전보건법 일부개정법률안(임이자의원 등 11인),의원,2020-07-20,,,,소관위접수
94,2102205,국민체육진흥법 일부개정법률안(이상헌의원 등 22인),의원,2020-07-20,,,,소관위심사
95,2102204,독점규제 및 공정거래에 관한 법률 일부개정법률안(정청래의원 등 12인),의원,2020-07-20,,,,소관위접수
96,2102203,사립학교법 일부개정법률안(정청래의원 등 10인),의원,2020-07-20,,,,소관위접수
97,2102202,국민연금법 일부개정법률안(김성주의원 등 13인),의원,2020-07-20,,,,소관위접수
98,2102201,유통산업발전법 일부개정법률안(이종배의원 등 10인),의원,2020-07-20,,,,소관위접수
99,2102200,중소기업 인력지원 특별법 일부개정법률안(김도읍의원 등 10인),의원,2020-07-20,,,,소관위접수
0,2102199,공공건축특별법안(허영의원 등 11인),의원,2020-07-20,,,,소관위접수
1,2102198,산업안전보건법 일부개정법률안(송갑석의원 등 12인),의원,2020-07-20,,,,소관위접수
2,2102197,전기공사업법 일부개정법률안(송갑석의원 등 11인),의원,2020-07-20,,,,소관위접수
3,2102196,지방세법 일부개정법률안(김예지의원 등 10인),의원,2020-07-20,,,,소관위접수
4,2102195,조세특례제한법 일부개정법률안(추경호의원 등 19인),의원,2020-07-20,,,,소관위접수
5,2102194,의용소방대 설치 및 운영에 관한 법률 일부개정법률안(최종윤의원 등 12인),의원,2020-07-20,,,,소관위접수
6,2102193,교통약자의 이동편의 증진법 일부개정법률안(김예지의원 등 10인),의원,2020-07-20,,,,소관위접수
7,2102192,의무소방대설치법 일부개정법률안(최종윤의원 등 12인),의원,2020-07-20,,,,소관위접수
8,2102191,소방공무원 보건안전 및 복지 기본법 일부개정법률안(최종윤의원 등 12인),의원,2020-07-20,,,,소관위접수
9,2102190,화학물질관리법 일부개정법률안,정부,2020-07-20,,,,소관위접수
10,2102189,소득세법 일부개정법률안(윤두현의원 등 15인),의원,2020-07-20,,,,소관위접수
11,2102188,전기사업법 일부개정법률안(송갑석의원 등 11인),의원,2020-07-20,,,,소관위접수
12,2102187,도시공원 및 녹지 등에 관한 법률 일부개정법률안(강기윤의원 등 10인),의원,2020-07-20,,,,소관위접수
13,2102186,법무부장관(추미애) 탄핵소추안(주호영의원 등 110인),의원,2020-07-20,2020-07-23,부결,,본회의의결
14,2102185,공직선거법 일부개정법률안(이채익의원 등 13인),의원,2020-07-20,,,,소관위접수
15,2102184,물가안정에 관한 법률 일부개정법률안(김영진의원 등 11인),의원,2020-07-20,,,,소관위접수
16,2102183,지방세특례제한법 일부개정법률안(이상민의원 등 10인),의원,2020-07-20,,,,소관위접수
17,2102182,공유부동산의 분할에 관한 특례법안(강기윤의원 등 10인),의원,2020-07-20,,,,소관위접수
18,2102181,공중화장실 등에 관한 법률 일부개정법률안(강기윤의원 등 10인),의원,2020-07-20,,,,소관위접수
19,2102180,국회법 일부개정법률안(이채익의원 등 12인),의원,2020-07-20,,,,소관위접수
20,2102179,자동차관리법 일부개정법률안(태영호의원 등 11인),의원,2020-07-20,,,,소관위접수
21,2102178,아동학대범죄의 처벌 등에 관한 특례법 일부개정법률안(조경태의원 등 13인),의원,2020-07-20,,,,소관위접수
22,2102177,특허법 일부개정법률안(김정호의원 등 10인),의원,2020-07-20,,,,소관위접수
23,2102176,디자인보호법 일부개정법률안(김정호의원 등 10인),의원,2020-07-20,,,,소관위접수
24,2102175,철도안전법 일부개정법률안(이헌승의원 등 11인),의원,2020-07-20,,,,소관위접수
25,2102174,공직선거법 일부개정법률안(강병원의원 등 11인),의원,2020-07-20,,,,소관위접수
26,2102173,도시재생 활성화 및 지원에 관한 특별법 일부개정법률안(김정호의원 등 10인),의원,2020-07-20,,,,소관위접수
27,2102172,전자정부법 일부개정법률안(김정호의원 등 10인),의원,2020-07-20,,,,소관위접수
28,2102171,자율방범대 설치 및 지원에 관한 법률안(서일준의원 등 21인),의원,2020-07-20,,,,소관위접수
29,2102170,중소기업기본법 일부개정법률안(김정호의원 등 10인),의원,2020-07-20,,,,소관위접수
30,2102169,개발이익 환수에 관한 법률 일부개정법률안(김정호의원 등 11인),의원,2020-07-20,,,,소관위접수
31,2102168,각급 법원의 설치와 관할구역에 관한 법률 일부개정법률안(김민철의원 등 19인),의원,2020-07-20,,,,소관위접수
32,2102167,국무총리ㆍ국무위원 및 정부위원 출석요구의 건(교육·사회·문화에 관한 질문)(김태년의원ㆍ주호영의원 외 277인),의원,2020-07-20,2020-07-20,원안가결,,본회의의결
33,2102166,국무총리ㆍ국무위원 및 정부위원 출석요구의 건(경제에 관한 질문)(김태년의원ㆍ주호영의원 외 277인),의원,2020-07-20,2020-07-20,원안가결,,본회의의결
34,2102165,국무총리 및 국무위원 출석요구의 건(정치·외교·통일·안보에 관한 질문)(김태년의원ㆍ주호영의원 외 277인),의원,2020-07-20,2020-07-20,원안가결,,본회의의결
35,2102164,국무총리 및 국무위원 출석요구의 건(국정에 관한 교섭단체 대표연설)(김태년의원ㆍ주호영의원 외 277인),의원,2020-07-20,2020-07-20,원안가결,,본회의의결
36,2102163,조세특례제한법 일부개정법률안(권성동의원 등 10인),의원,2020-07-20,,,,소관위접수
37,2102162,자연공원법 일부개정법률안,정부,2020-07-17,,,,소관위접수
38,2102161,건설폐기물의 재활용촉진에 관한 법률 일부개정법률안,정부,2020-07-17,,,,소관위접수
39,2102160,소음·진동관리법 일부개정법률안,정부,2020-07-17,,,,소관위접수
40,2102159,소방기본법 일부개정법률안(이재정의원 등 11인),의원,2020-07-17,,,,소관위접수
41,2102158,국민투표법 전부개정법률안(김영배의원 등 27인),의원,2020-07-17,,,,소관위접수
42,2102157,아동복지법 일부개정법률안(정청래의원 등 10인),의원,2020-07-17,,,,소관위접수
43,2102156,민간임대주택에 관한 특별법 일부개정법률안(진성준의원 등 17인),의원,2020-07-17,2020-08-04,대안반영폐기,,대안반영폐기
44,2102155,아동복지법 일부개정법률안(정청래의원 등 10인),의원,2020-07-17,,,,소관위접수
45,2102154,119구조·구급에 관한 법률 일부개정법률안(이재정의원 등 10인),의원,2020-07-17,,,,소관위접수
46,2102153,국민연금법 일부개정법률안(정청래의원 등 11인),의원,2020-07-17,,,,소관위접수
47,2102152,담배의 유해성 관리에 관한 법률안(최혜영의원 등 17인),의원,2020-07-17,,,,소관위접수
48,2102151,공직선거법 일부개정법률안(이재정의원 등 11인),의원,2020-07-17,,,,소관위접수
49,2102150,액화석유가스의 안전관리 및 사업법 일부개정법률안(전용기의원 등 10인),의원,2020-07-17,,,,소관위접수
50,2102149,폐기물관리법 일부개정법률안(박대수의원 등 10인),의원,2020-07-17,,,,소관위접수
51,2102148,국민체육진흥법 일부개정법률안(안민석의원 등 12인),의원,2020-07-17,2020-08-04,대안반영폐기,,대안반영폐기
52,2102147,공항소음 방지 및 소음대책지역 지원에 관한 법률 일부개정법률안(김도읍의원 등 10인),의원,2020-07-17,,,,소관위접수
53,2102146,정신건강증진 및 정신질환자 복지서비스 지원에 관한 법률 일부개정법률안(이병훈의원 등 11인),의원,2020-07-17,,,,소관위접수
54,2102145,법인세법 일부개정법률안(추경호의원 등 15인),의원,2020-07-17,,,,소관위접수
55,2102144,취업 후 학자금 상환 특별법 일부개정법률안(김남국의원 등 14인),의원,2020-07-17,,,,소관위접수
56,2102143,조세특례제한법 일부개정법률안(추경호의원 등 15인),의원,2020-07-17,,,,소관위접수
57,2102142,식품위생법 일부개정법률안(이병훈의원 등 14인),의원,2020-07-17,,,,소관위접수
58,2102141,보험업법 일부개정법률안(전재수의원 등 10인),의원,2020-07-17,,,,소관위접수
59,2102140,도로교통법 일부개정법률안(서영석의원 등 14인),의원,2020-07-17,,,,소관위접수
60,2102139,국회입법조사처법 일부개정법률안(정경희의원 등 10인),의원,2020-07-17,,,,소관위접수
61,2102138,식품위생법 일부개정법률안(이병훈의원 등 10인),의원,2020-07-17,,,,소관위접수
62,2102137,국회법 일부개정법률안(정경희의원 등 10인),의원,2020-07-17,,,,소관위접수
63,2102136,조세특례제한법 일부개정법률안(김경만의원 등 15인),의원,2020-07-17,,,,소관위접수
64,2102135,지방세특례제한법 일부개정법률안(김경만의원 등 15인),의원,2020-07-17,,,,소관위접수
65,2102134,아동복지법 일부개정법률안(고영인의원 등 18인),의원,2020-07-17,,,,소관위접수
66,2102133,점자법 일부개정법률안(김예지의원 등 10인),의원,2020-07-17,,,,소관위접수
67,2102132,산업교육진흥 및 산학연협력촉진에 관한 법률 일부개정법률안(김철민의원 등 11인),의원,2020-07-17,,,,소관위접수
68,2102131,채용절차의 공정화에 관한 법률 일부개정법률안(김남국의원 등 12인),의원,2020-07-17,,,,소관위접수
69,2102130,아동학대범죄의 처벌 등에 관한 특례법 일부개정법률안(정청래의원 등 11인),의원,2020-07-17,,,,소관위접수
70,2102129,사립학교법 일부개정법률안(정청래의원 등 10인),의원,2020-07-17,,,,소관위접수
71,2102128,부동산투자회사법 일부개정법률안(김철민의원 등 10인),의원,2020-07-17,,,,소관위접수
72,2102127,환경분야 시험·검사 등에 관한 법률 일부개정법률안,정부,2020-07-17,,,,소관위접수
73,2102126,아동학대범죄의 처벌 등에 관한 특례법 일부개정법률안(고영인의원 등 19인),의원,2020-07-17,,,,소관위접수
74,2102125,법령 등 공포에 관한 법률 일부개정법률안(설훈의원 등 22인),의원,2020-07-17,,,,소관위접수
75,2102124,취업 후 학자금 상환 특별법 일부개정법률안(김철민의원 등 11인),의원,2020-07-17,,,,소관위접수
76,2102123,민법 일부개정법률안(고영인의원 등 20인),의원,2020-07-17,,,,소관위접수
77,2102122,환경기술 및 환경산업 지원법 일부개정법률안,정부,2020-07-17,,,,소관위접수
78,2102121,한국장학재단 설립 등에 관한 법률 일부개정법률안(김철민의원 등 11인),의원,2020-07-17,,,,소관위접수
79,2102120,교육기본법 일부개정법률안(박상혁의원 등 37인),의원,2020-07-17,,,,소관위접수
80,2102119,초·중등교육법 일부개정법률안(박상혁의원 등 37인),의원,2020-07-17,,,,소관위접수
81,2102118,도로교통법 일부개정법률안(박상혁의원 등 30인),의원,2020-07-17,,,,소관위접수
82,2102117,개별소비세법 일부개정법률안(김상훈의원 등 10인),의원,2020-07-17,,,,소관위접수
83,2102116,공동주택관리법 일부개정법률안(장경태의원 등 12인),의원,2020-07-17,,,,소관위접수
84,2102115,전기·전자제품 및 자동차의 자원순환에 관한 법률 일부개정법률안,정부,2020-07-17,,,,소관위접수
85,2102114,산업집적활성화 및 공장설립에 관한 법률 일부개정법률안(구자근의원 등 10인),의원,2020-07-17,,,,소관위접수
86,2102113,학교체육 진흥법 일부개정법률안(안민석의원 등 15인),의원,2020-07-17,,,,소관위접수
87,2102112,자원의 절약과 재활용촉진에 관한 법률 일부개정법률안,정부,2020-07-17,,,,소관위접수
88,2102111,대도시권 광역교통 관리에 관한 특별법 일부개정법률안(조응천의원 등 10인),의원,2020-07-17,,,,소관위접수
89,2102110,사법경찰관리의 직무를 수행할 자와 그 직무범위에 관한 법률 일부개정법률안(조응천의원 등 10인),의원,2020-07-17,,,,소관위접수
90,2102109,조세특례제한법 일부개정법률안(김선교의원 등 10인),의원,2020-07-17,,,,소관위접수
91,2102108,한국전통문화대학교 설치법 일부개정법률안,정부,2020-07-17,,,,소관위접수
92,2102107,토양환경보전법 일부개정법률안,정부,2020-07-17,,,,소관위접수
93,2102106,국민의 형사재판 참여에 관한 법률 일부개정법률안(조정훈의원 등 10인),의원,2020-07-17,,,,소관위접수
94,2102105,먹는물관리법 일부개정법률안,정부,2020-07-17,,,,소관위접수
95,2102104,환경정책기본법 일부개정법률안,정부,2020-07-17,,,,소관위접수
96,2102103,가축분뇨의 관리 및 이용에 관한 법률 일부개정법률안,정부,2020-07-17,,,,소관위접수
97,2102102,전기·전자제품 및 자동차의 자원순환에 관한 법률 일부개정법률안(박대수의원 등 11인),의원,2020-07-17,,,,소관위접수
98,2102101,석면안전관리법 일부개정법률안,정부,2020-07-17,,,,소관위접수
99,2102100,소송촉진 등에 관한 특례법 일부개정법률안(박범계의원 등 15인),의원,2020-07-17,,,,소관위접수
0,2102099,취업 후 학자금 상환 특별법 일부개정법률안(민형배의원 등 12인),의원,2020-07-17,,,,소관위접수
1,2102098,지하수법 일부개정법률안,정부,2020-07-17,,,,소관위접수
2,2102097,한국마사회법 일부개정법률안(정점식의원 등 10인),의원,2020-07-17,,,,소관위접수
3,2102096,환경오염시설의 통합관리에 관한 법률 일부개정법률안,정부,2020-07-17,,,,소관위접수
4,2102095,화물자동차 운수사업법 일부개정법률안(임종성의원 등 13인),의원,2020-07-17,,,,소관위접수
5,2102094,폐기물의 국가 간 이동 및 그 처리에 관한 법률 일부개정법률안,정부,2020-07-17,,,,소관위접수
6,2102093,조세특례제한법 일부개정법률안(이원욱의원 등 12인),의원,2020-07-17,,,,소관위접수
7,2102092,물환경보전법 일부개정법률안(장철민의원 등 12인),의원,2020-07-17,,,,소관위접수
8,2102091,공직자윤리법 일부개정법률안(신정훈의원 등 15인),의원,2020-07-17,,,,소관위접수
9,2102090,하수도법 일부개정법률안,정부,2020-07-17,,,,소관위접수
10,2102089,감염병의 예방 및 관리에 관한 법률 일부개정법률안(민형배의원 등 11인),의원,2020-07-17,,,,소관위접수
11,2102088,먹는물관리법 일부개정법률안(장철민의원 등 13인),의원,2020-07-17,,,,소관위접수
12,2102087,하수도법 일부개정법률안(이병훈의원 등 14인),의원,2020-07-17,,,,소관위접수
13,2102086,근로기준법 일부개정법률안(이병훈의원 등 11인),의원,2020-07-17,,,,소관위접수
14,2102085,잔류성오염물질 관리법 일부개정법률안,정부,2020-07-17,,,,소관위접수
15,2102084,국경일에 관한 법률 일부개정법률안(조태용의원 등 20인),의원,2020-07-17,,,,소관위접수
16,2102083,관세법 일부개정법률안(조정식의원 등 10인),의원,2020-07-17,,,,소관위접수
17,2102082,사회보장급여의 이용·제공 및 수급권자 발굴에 관한 법률 일부개정법률안(민형배의원 등 11인),의원,2020-07-17,,,,소관위접수
18,2102081,새마을금고법 일부개정법률안(유동수의원 등 12인),의원,2020-07-17,,,,소관위접수
19,2102080,아동복지법 일부개정법률안(조명희의원 등 10인),의원,2020-07-17,,,,소관위접수
20,2102079,초·중등교육법 일부개정법률안(임오경의원 등 10인),의원,2020-07-17,,,,소관위접수
21,2102078,신용협동조합법 일부개정법률안(유동수의원 등 12인),의원,2020-07-17,,,,소관위접수
22,2102077,고등교육법 일부개정법률안(조오섭의원 등 17인),의원,2020-07-17,,,,소관위접수
23,2102076,물의 재이용 촉진 및 지원에 관한 법률 일부개정법률안,정부,2020-07-17,,,,소관위접수
24,2102075,대규모유통업에서의 거래 공정화에 관한 법률 일부개정법률안(민형배의원 등 12인),의원,2020-07-17,,,,소관위접수
25,2102074,신행정수도 후속대책을 위한 연기·공주지역 행정중심복합도시 건설을 위한 특별법 일부개정법률안(강준현의원 등 12인),의원,2020-07-17,,,,소관위접수
26,2102073,장애인고용촉진 및 직업재활법 일부개정법률안(조오섭의원 등 14인),의원,2020-07-17,,,,소관위접수
27,2102072,이러닝(전자학습)산업 발전 및 이러닝 활용 촉진에 관한 법률 일부개정법률안(이장섭의원 등 14인),의원,2020-07-17,,,,소관위접수
28,2102071,유료도로법 일부개정법률안(조오섭의원 등 12인),의원,2020-07-17,,,,소관위접수
29,2102070,근로기준법 일부개정법률안(최종윤의원 등 12인),의원,2020-07-16,,,,소관위접수
30,2102069,아동학대범죄의 처벌 등에 관한 특례법 일부개정법률안(태영호의원 등 12인),의원,2020-07-16,,,,소관위접수
31,2102068,아동복지법 일부개정법률안(조명희의원 등 10인),의원,2020-07-16,,,,소관위접수
32,2102067,지방세법 일부개정법률안(김교흥의원 등 12인),의원,2020-07-16,,,,소관위접수
33,2102066,관광진흥법 일부개정법률안(이상헌의원 등 11인),의원,2020-07-16,,,,소관위접수
34,2102065,도시공원 및 녹지 등에 관한 법률 일부개정법률안(심상정의원 등 12인),의원,2020-07-16,,,,소관위접수
35,2102064,조세특례제한법 일부개정법률안(심상정의원 등 11인),의원,2020-07-16,,,,소관위접수
36,2102063,학교민주시민교육법안(박찬대의원 등 12인),의원,2020-07-16,,,,소관위접수
37,2102062,한국환경공단법 일부개정법률안(장철민의원 등 11인),의원,2020-07-16,,,,소관위접수
38,2102061,항공·철도 사고조사에 관한 법률 일부개정법률안,정부,2020-07-16,,,,소관위접수
39,2102060,환경정책기본법 일부개정법률안(심상정의원 등 12인),의원,2020-07-16,,,,소관위접수
40,2102059,대기환경보전법 일부개정법률안(장철민의원 등 12인),의원,2020-07-16,,,,소관위접수
41,2102058,하천법 일부개정법률안,정부,2020-07-16,,,,소관위접수
42,2102057,국민체육진흥법 일부개정법률안(홍정민의원 등 12인),의원,2020-07-16,2020-08-04,대안반영폐기,,대안반영폐기
43,2102056,구강보건법 일부개정법률안(신동근의원 등 11인),의원,2020-07-16,,,,소관위접수
44,2102055,지방세특례제한법 일부개정법률안(심상정의원 등 11인),의원,2020-07-16,,,,소관위접수
45,2102054,물환경보전법 일부개정법률안(장철민의원 등 13인),의원,2020-07-16,,,,소관위접수
46,2102053,교통시설특별회계법 일부개정법률안(심상정의원 등 12인),의원,2020-07-16,,,,소관위접수
47,2102052,자연환경보전법 일부개정법률안(장철민의원 등 13인),의원,2020-07-16,,,,소관위접수
48,2102051,국토의 계획 및 이용에 관한 법률 일부개정법률안(심상정의원 등 13인),의원,2020-07-16,,,,소관위접수
49,2102050,국가를 당사자로 하는 계약에 관한 법률 일부개정법률안(홍익표의원 등 13인),의원,2020-07-16,,,,소관위접수
50,2102049,지방자치단체를 당사자로 하는 계약에 관한 법률 일부개정법률안(홍익표의원 등 13인),의원,2020-07-16,,,,소관위접수
51,2102048,가족관계의 등록 등에 관한 법률 일부개정법률안(신동근의원 등 11인),의원,2020-07-16,,,,소관위접수
52,2102047,영유아보육법 일부개정법률안(신동근의원 등 10인),의원,2020-07-16,,,,소관위접수
53,2102046,부동산투자회사법 일부개정법률안,정부,2020-07-16,,,,소관위접수
54,2102045,국민건강증진법 일부개정법률안(신동근의원 등 11인),의원,2020-07-16,,,,소관위접수
55,2102044,혁신도시 조성 및 발전에 관한 특별법 일부개정법률안,정부,2020-07-16,,,,소관위접수
56,2102043,국민체육진흥법 일부개정법률안(유정주의원 등 12인),의원,2020-07-16,2020-08-04,대안반영폐기,,대안반영폐기
57,2102042,조세특례제한법 일부개정법률안(김경만의원 등 10인),의원,2020-07-16,,,,소관위접수
58,2102041,응급의료에 관한 법률 일부개정법률안(강선우의원 등 12인),의원,2020-07-16,,,,소관위접수
59,2102040,보건의료기본법 일부개정법률안(강선우의원 등 13인),의원,2020-07-16,,,,소관위접수
60,2102039,대부업 등의 등록 및 금융이용자 보호에 관한 법률 일부개정법률안(송갑석의원 등 11인),의원,2020-07-16,,,,소관위접수
61,2102038,부정경쟁방지 및 영업비밀보호에 관한 법률 일부개정법률안(송옥주의원 등 10인),의원,2020-07-16,,,,소관위접수
62,2102037,국민건강증진법 일부개정법률안(이정문의원 등 12인),의원,2020-07-16,,,,소관위접수
63,2102036,주택법 일부개정법률안,정부,2020-07-16,,,,소관위접수
64,2102035,국민건강보험법 일부개정법률안(이정문의원 등 12인),의원,2020-07-16,,,,소관위접수
65,2102034,의료기기법 일부개정법률안(이정문의원 등 10인),의원,2020-07-16,,,,소관위접수
66,2102033,특수임무유공자 예우 및 단체설립에 관한 법률 일부개정법률안(이용빈의원 등 13인),의원,2020-07-16,,,,소관위접수
67,2102032,의료법 일부개정법률안(이정문의원 등 10인),의원,2020-07-16,,,,소관위접수
68,2102031,남녀고용평등과 일·가정 양립 지원에 관한 법률 일부개정법률안(송언석의원 등 11인),의원,2020-07-16,,,,소관위접수
69,2102030,경륜·경정법 일부개정법률안(조경태의원 등 10인),의원,2020-07-16,,,,소관위접수
70,2102029,공무원 인재개발법 일부개정법률안,정부,2020-07-16,,,,소관위접수
71,2102028,근로기준법 일부개정법률안(태영호의원 등 11인),의원,2020-07-16,,,,소관위접수
72,2102027,병역법 일부개정법률안(태영호의원 등 14인),의원,2020-07-16,,,,소관위접수
73,2102026,이자제한법 일부개정법률안(송갑석의원 등 11인),의원,2020-07-16,,,,소관위접수
74,2102025,조세특례제한법 일부개정법률안(배현진의원 등 10인),의원,2020-07-16,,,,소관위접수
75,2102024,신용정보의 이용 및 보호에 관한 법률 일부개정법률안(송갑석의원 등 11인),의원,2020-07-16,,,,소관위접수
76,2102023,부가가치세법 일부개정법률안(권명호의원 등 10인),의원,2020-07-16,,,,소관위접수
77,2102022,종합부동산세법 일부개정법률안(윤희숙의원 등 11인),의원,2020-07-16,,,,소관위접수
78,2102021,도시 및 주거환경정비법 일부개정법률안,정부,2020-07-16,,,,소관위접수
79,2102020,민법 일부개정법률안(이형석의원 등 17인),의원,2020-07-16,,,,소관위접수
80,2102019,신행정수도 후속대책을 위한 연기·공주지역 행정중심복합도시 건설을 위한 특별법 일부개정법률안(강준현의원 등 11인),의원,2020-07-16,,,,소관위접수
81,2102018,근로자참여 및 협력증진에 관한 법률 일부개정법률안(송옥주의원 등 12인),의원,2020-07-16,,,,소관위접수
82,2102017,산업재해보상보험법 일부개정법률안(최승재의원 등 13인),의원,2020-07-16,,,,소관위접수
83,2102016,5·18민주유공자예우에 관한 법률 일부개정법률안(이용빈의원 등 68인),의원,2020-07-15,,,,소관위접수
84,2102015,새만금사업 추진 및 지원에 관한 특별법 일부개정법률안(안호영의원 등 10인),의원,2020-07-15,,,,소관위접수
85,2102014,여객자동차 운수사업법 일부개정법률안(신동근의원 등 10인),의원,2020-07-15,,,,소관위접수
86,2102013,국가재정법 일부개정법률안(김병욱의원 등 10인),의원,2020-07-15,,,,소관위접수
87,2102012,이자제한법 일부개정법률안(박홍근의원 등 12인),의원,2020-07-15,,,,소관위접수
88,2102011,조세특례제한법 일부개정법률안(정일영의원 등 13인),의원,2020-07-15,,,,소관위접수
89,2102010,서민의 금융생활 지원에 관한 법률 일부개정법률안(전재수의원 등 10인),의원,2020-07-15,,,,소관위접수
90,2102009,조세특례제한법 일부개정법률안(정성호의원 등 13인),의원,2020-07-15,,,,소관위접수
91,2102008,지역상권 상생 및 활성화에 관한 법률안(홍익표의원 등 10인),의원,2020-07-15,,,,소관위접수
92,2102007,조세특례제한법 일부개정법률안(안호영의원 등 10인),의원,2020-07-15,,,,소관위접수
93,2102006,국가균형발전 특별법 일부개정법률안(안호영의원 등 11인),의원,2020-07-15,,,,소관위접수
94,2102005,박근혜 정부의 최순실 등 민간인에 의한 국정농단 의혹 사건 규명을 위한 특별검사의 임명 등에 관한 법률 일부개정법률안(송기헌의원 등 11인),의원,2020-07-15,,,,소관위접수
95,2102004,환경오염시설의 통합관리에 관한 법률 일부개정법률안(송옥주의원 등 10인),의원,2020-07-15,,,,소관위접수
96,2102003,혁신도시 조성 및 발전에 관한 특별법 일부개정법률안(송기헌의원 등 10인),의원,2020-07-15,,,,소관위접수
97,2102002,경제자유구역의 지정 및 운영에 관한 특별법 일부개정법률안(조정식의원 등 10인),의원,2020-07-15,,,,소관위접수
98,2102001,건설기술 진흥법 일부개정법률안,정부,2020-07-15,,,,소관위접수
99,2102000,국민건강보험법 일부개정법률안(강기윤의원 등 10인),의원,2020-07-15,,,,소관위접수
0,2101999,시설물의 안전 및 유지관리에 관한 특별법 일부개정법률안,정부,2020-07-15,,,,소관위접수
1,2101998,물류정책기본법 일부개정법률안,정부,2020-07-15,,,,소관위접수
2,2101997,여객자동차 운수사업법 일부개정법률안(구자근의원 등 10인),의원,2020-07-15,,,,소관위접수
3,2101996,사립학교법 일부개정법률안(서동용의원 등 16인),의원,2020-07-15,,,,소관위접수
4,2101995,대기업등의 영업활동 공정화 및 소상공인 보호에 관한 법률안(김성원의원 등 11인),의원,2020-07-15,,,,소관위접수
5,2101994,국가재정법 일부개정법률안(윤희숙의원 등 11인),의원,2020-07-15,,,,소관위접수
6,2101993,지방자치법 일부개정법률안(정청래의원 등 14인),의원,2020-07-15,,,,소관위접수
7,2101992,신행정수도 후속대책을 위한 연기·공주지역 행정중심복합도시 건설을 위한 특별법 일부개정법률안(강준현의원 등 10인),의원,2020-07-15,,,,소관위접수
8,2101991,지방세법 일부개정법률안(박홍근의원 등 12인),의원,2020-07-15,,,,소관위접수
9,2101990,토양환경보전법 일부개정법률안(허영의원 등 28인),의원,2020-07-15,,,,소관위접수
10,2101989,주택임대차보호법 일부개정법률안(이원욱의원 등 21인),의원,2020-07-15,,,,소관위접수
11,2101988,의용소방대 설치 및 운영에 관한 법률 일부개정법률안(김성원의원 등 11인),의원,2020-07-15,,,,소관위접수
12,2101987,고용보험 및 산업재해보상보험의 보험료징수 등에 관한 법률 일부개정법률안(김성원의원 등 10인),의원,2020-07-15,,,,소관위접수
13,2101986,고용보험법 일부개정법률안(김성원의원 등 10인),의원,2020-07-15,,,,소관위접수
14,2101985,철도사업법 일부개정법률안,정부,2020-07-15,,,,소관위접수
15,2101984,자동차관리법 일부개정법률안(유동수의원 등 10인),의원,2020-07-15,,,,소관위접수
16,2101983,일본 정부의 ‘후쿠시마 방사능 오염수’의 안전한 처리 및 국제적 동의 절차 확립 촉구를 위한 결의안(이원욱의원 등 11인),의원,2020-07-15,,,,소관위접수
17,2101982,군형법 일부개정법률안(유동수의원 등 10인),의원,2020-07-15,,,,소관위접수
18,2101981,녹색건축물 조성 지원법 일부개정법률안(최종윤의원 등 12인),의원,2020-07-15,,,,소관위접수
19,2101980,경제자유구역의 지정 및 운영에 관한 특별법 일부개정법률안(정일영의원 등 13인),의원,2020-07-15,,,,소관위접수
20,2101979,군인사법 일부개정법률안(유동수의원 등 10인),의원,2020-07-15,,,,소관위접수
21,2101978,지방세특례제한법 일부개정법률안(정일영의원 등 13인),의원,2020-07-15,,,,소관위접수
22,2101977,대부업 등의 등록 및 금융이용자 보호에 관한 법률 일부개정법률안(박홍근의원 등 11인),의원,2020-07-15,,,,소관위접수
23,2101976,근로기준법 일부개정법률안(윤준병의원 등 13인),의원,2020-07-15,,,,소관위접수
24,2101975,유료도로법 일부개정법률안(박홍근의원 등 16인),의원,2020-07-15,,,,소관위접수
25,2101974,형법 일부개정법률안(전재수의원 등 10인),의원,2020-07-15,,,,소관위접수
26,2101973,최저임금법 일부개정법률안(권성동의원 등 10인),의원,2020-07-15,,,,소관위접수
27,2101972,보훈보상대상자 지원에 관한 법률 일부개정법률안(이병훈의원 등 19인),의원,2020-07-15,,,,소관위접수
28,2101971,전기사업법 일부개정법률안(김성환의원 등 28인),의원,2020-07-15,,,,소관위접수
29,2101970,수의사법 일부개정법률안(이성만의원 등 16인),의원,2020-07-15,,,,소관위접수
30,2101969,근로복지기본법 일부개정법률안(한정애의원 등 19인),의원,2020-07-15,,,,소관위접수
31,2101968,신용협동조합법 일부개정법률안(전재수의원 등 10인),의원,2020-07-15,,,,소관위접수
32,2101967,정치자금법 일부개정법률안(박완주의원 등 11인),의원,2020-07-15,,,,소관위접수
33,2101966,양육비 이행확보 및 지원에 관한 법률 일부개정법률안(전재수의원 등 10인),의원,2020-07-15,,,,소관위접수
34,2101965,국민소환에 관한 법률안(박주민의원 등 27인),의원,2020-07-15,,,,소관위접수
35,2101964,부가가치세법 일부개정법률안(김태호의원 등 10인),의원,2020-07-15,,,,소관위접수
36,2101963,군용비행장·군사격장 소음 방지 및 피해 보상에 관한 법률 일부개정법률안(정성호의원 등 10인),의원,2020-07-15,,,,소관위접수
37,2101962,청소년 보호법 일부개정법률안(김태호의원 등 10인),의원,2020-07-15,,,,소관위접수
38,2101961,평화경제특별구역의 지정 및 운영에 관한 법률안(윤후덕의원 등 10인),의원,2020-07-15,,,,소관위접수
39,2101960,혁신도시 조성 및 발전에 관한 특별법 일부개정법률안(박영순의원 등 10인),의원,2020-07-15,,,,소관위접수
40,2101959,연구산업진흥법안(이상민의원 등 10인),의원,2020-07-15,,,,소관위접수
41,2101958,조세특례제한법 일부개정법률안(최인호의원 등 11인),의원,2020-07-15,,,,소관위접수
42,2101957,국회의원의 국민소환에 관한 법률안(김병욱의원 등 10인),의원,2020-07-15,,,,소관위접수
43,2101956,근로기준법 일부개정법률안(김형동의원 등 12인),의원,2020-07-15,,,,소관위접수
44,2101955,금융회사의 지배구조에 관한 법률 일부개정법률안(김한정의원 등 11인),의원,2020-07-15,,,,소관위접수
45,2101954,정보통신망 이용촉진 및 정보보호 등에 관한 법률 일부개정법률안(양경숙의원 등 15인),의원,2020-07-15,,,,소관위접수
46,2101953,공공주택 특별법 일부개정법률안(이주환의원 등 10인),의원,2020-07-15,,,,소관위접수
47,2101952,주택법 일부개정법률안(송언석의원 등 10인),의원,2020-07-14,,,,소관위접수
48,2101951,노동위원회법 일부개정법률안(한정애의원 등 18인),의원,2020-07-14,,,,소관위접수
49,2101950,근로기준법 일부개정법률안(한정애의원 등 19인),의원,2020-07-14,,,,소관위접수
50,2101949,국제항해선박 및 항만시설의 보안에 관한 법률 일부개정법률안(안병길의원 등 16인),의원,2020-07-14,,,,소관위접수
51,2101948,근로복지기본법 일부개정법률안(한정애의원 등 19인),의원,2020-07-14,,,,소관위접수
52,2101947,도로법 일부개정법률안(배현진의원 등 14인),의원,2020-07-14,,,,소관위접수
53,2101946,조세특례제한법 일부개정법률안(정성호의원 등 10인),의원,2020-07-14,,,,소관위접수
54,2101945,사립학교법 일부개정법률안(박찬대의원 등 10인),의원,2020-07-14,,,,소관위접수
55,2101944,전기사업법 일부개정법률안,정부,2020-07-14,,,,소관위접수
56,2101943,특정범죄 가중처벌 등에 관한 법률 일부개정법률안(이용호의원 등 10인),의원,2020-07-14,,,,소관위접수
57,2101942,고등교육법 일부개정법률안(박찬대의원 등 11인),의원,2020-07-14,,,,소관위접수
58,2101941,초·중등교육법 일부개정법률안(박찬대의원 등 10인),의원,2020-07-14,,,,소관위접수
59,2101940,교육공무원법 일부개정법률안(박찬대의원 등 11인),의원,2020-07-14,,,,소관위접수
60,2101939,국민체육진흥법 일부개정법률안(이용호의원 등 10인),의원,2020-07-14,2020-08-04,대안반영폐기,,대안반영폐기
61,2101938,“6·10만세운동 기념일”의 국가기념일 지정 촉구 결의안(윤주경의원 등 44인),의원,2020-07-14,,,,소관위접수
62,2101937,성폭력범죄의 처벌 등에 관한 특례법 일부개정법률안(양금희의원 등 11인),의원,2020-07-14,,,,소관위접수
63,2101936,경찰공무원 보건안전 및 복지 기본법 일부개정법률안(김용판의원 등 18인),의원,2020-07-14,,,,소관위접수
64,2101935,조세특례제한법 일부개정법률안(추경호의원 등 18인),의원,2020-07-14,,,,소관위접수
65,2101934,지속적 괴롭힘범죄의 처벌 등에 관한 특례법안(노웅래의원 등 10인),의원,2020-07-14,,,,소관위접수
66,2101933,주택임대차보호법 일부개정법률안(위성곤의원 등 10인),의원,2020-07-14,,,,소관위접수
67,2101932,주택임대차보호법 일부개정법률안(윤호중의원 등 11인),의원,2020-07-14,,,,소관위접수
68,2101931,혈액관리법 일부개정법률안(강선우의원 등 15인),의원,2020-07-14,,,,소관위접수
69,2101930,국회상설소위원회설치등에관한규칙 전부개정규칙안(김태년의원 등 176인),의원,2020-07-14,,,,소관위접수
70,2101929,국정감사 및 조사에 관한 법률 일부개정법률안(김태년의원 등 176인),의원,2020-07-14,,,,소관위접수
71,2101928,형사소송법 일부개정법률안(유동수의원 등 10인),의원,2020-07-14,,,,소관위접수
72,2101927,임금채권보장법 일부개정법률안(이수진의원 등 12인),의원,2020-07-14,,,,소관위접수
73,2101926,남녀고용평등과 일·가정 양립 지원에 관한 법률 일부개정법률안(이수진의원 등 15인),의원,2020-07-14,,,,소관위접수
74,2101925,고용정책 기본법 일부개정법률안(이수진의원 등 16인),의원,2020-07-14,,,,소관위접수
75,2101924,임금채권보장법 일부개정법률안(노웅래의원 등 10인),의원,2020-07-14,,,,소관위접수
76,2101923,체육인 복지법안(김승원의원 등 17인),의원,2020-07-14,,,,소관위심사
77,2101922,지방세법 일부개정법률안(한병도의원 등 13인),의원,2020-07-14,2020-08-04,수정가결,,정부이송
78,2101921,감염병 등 보건위기대응 의약품등의 개발지원 및 긴급사용 특별법안(백종헌의원 등 61인),의원,2020-07-14,,,,소관위접수
79,2101920,국민체육진흥법 일부개정법률안(김승원의원 등 17인),의원,2020-07-14,,,,소관위접수
80,2101919,에너지산업융복합단지의 지정 및 육성에 관한 특별법 일부개정법률안(허영의원 등 24인),의원,2020-07-14,,,,소관위접수
81,2101918,산업기술혁신 촉진법 일부개정법률안(홍석준의원 등 11인),의원,2020-07-14,,,,소관위접수
82,2101917,건축법 일부개정법률안(김희국의원 등 13인),의원,2020-07-14,,,,소관위접수
83,2101916,과학기술분야 정부출연연구기관 등의 설립·운영 및 육성에 관한 법률 일부개정법률안(조명희의원 등 10인),의원,2020-07-14,,,,소관위접수
84,2101915,공동주택관리법 일부개정법률안(김희국의원 등 13인),의원,2020-07-14,,,,소관위접수
85,2101914,건축법 일부개정법률안(김희국의원 등 11인),의원,2020-07-14,,,,소관위접수
86,2101913,국가재정법 일부개정법률안(정진석의원 등 17인),의원,2020-07-14,,,,소관위접수
87,2101912,형법 일부개정법률안(신정훈의원 등 15인),의원,2020-07-14,,,,소관위접수
88,2101911,유전자변형생물체의 국가간 이동 등에 관한 법률 일부개정법률안,정부,2020-07-14,,,,소관위접수
89,2101910,백제왕도 핵심유적 보존관리에 관한 특별법안(정진석의원 등 17인),의원,2020-07-14,,,,소관위접수
90,2101909,이러닝(전자학습)산업 발전 및 이러닝 활용 촉진에 관한 법률 일부개정법률안(김진표의원 등 13인),의원,2020-07-14,,,,소관위접수
91,2101908,석탄산업법 일부개정법률안,정부,2020-07-14,,,,소관위접수
92,2101907,집단에너지사업법 일부개정법률안,정부,2020-07-14,,,,소관위접수
93,2101906,송유관 안전관리법 일부개정법률안,정부,2020-07-14,,,,소관위접수
94,2101905,공공단체등 위탁선거에 관한 법률 일부개정법률안(김승남의원 등 11인),의원,2020-07-14,,,,소관위접수
95,2101904,공공단체등 위탁선거에 관한 법률 일부개정법률안(김승남의원 등 10인),의원,2020-07-14,2020-07-23,철회,,철회
96,2101903,광업법 일부개정법률안,정부,2020-07-14,,,,소관위접수
97,2101902,공공단체등 위탁선거에 관한 법률 일부개정법률안(김승남의원 등 10인),의원,2020-07-14,,,,소관위접수
98,2101901,전자무역 촉진에 관한 법률 일부개정법률안,정부,2020-07-14,,,,소관위접수
99,2101900,화학무기·생물무기의 금지와 특정화학물질·생물작용제 등의 제조·수출입 규제 등에 관한 법률 일부개정법률안,정부,2020-07-14,,,,소관위접수
0,2101899,광산안전법 일부개정법률안,정부,2020-07-14,,,,소관위접수
1,2101898,국민건강증진법 일부개정법률안(백혜련의원 등 15인),의원,2020-07-14,,,,소관위접수
2,2101897,어린이제품 안전 특별법 일부개정법률안,정부,2020-07-14,,,,소관위접수
3,2101896,계량에 관한 법률 일부개정법률안,정부,2020-07-14,,,,소관위접수
4,2101895,산업디자인진흥법 일부개정법률안,정부,2020-07-14,,,,소관위접수
5,2101894,액화석유가스의 안전관리 및 사업법 일부개정법률안,정부,2020-07-14,,,,소관위접수
6,2101893,도시가스사업법 일부개정법률안,정부,2020-07-14,,,,소관위접수
7,2101892,전기용품 및 생활용품 안전관리법 일부개정법률안,정부,2020-07-14,,,,소관위접수
8,2101891,국회법 일부개정법률안(김태년의원 등 176인),의원,2020-07-14,,,,소관위접수
9,2101890,성폭력범죄의 처벌 등에 관한 특례법 일부개정법률안(서정숙의원 등 18인),의원,2020-07-14,,,,소관위접수
10,2101889,조세특례제한법 일부개정법률안(서정숙의원 등 10인),의원,2020-07-14,,,,소관위접수
11,2101888,국회입법조사처법 일부개정법률안(김태년의원 등 176인),의원,2020-07-14,,,,소관위접수
12,2101887,국민보호와 공공안전을 위한 테러방지법 일부개정법률안(안병길의원 등 16인),의원,2020-07-14,,,,소관위접수
13,2101886,자유무역협정 체결에 따른 농어업인 등의 지원에 관한 특별법 일부개정법률안(정운천의원 등 18인),의원,2020-07-14,,,,소관위접수
14,2101885,담배사업법 일부개정법률안(김수흥의원 등 10인),의원,2020-07-14,,,,소관위접수
15,2101884,국가재정법 일부개정법률안(윤호중의원 등 15인),의원,2020-07-14,,,,소관위접수
16,2101883,단결권 및 단체교섭권 원칙의 적용에 관한 협약 비준동의안,정부,2020-07-14,,,,소관위접수
17,2101882,결사의 자유 및 단결권 보호에 관한 협약 비준동의안,정부,2020-07-14,,,,소관위접수
18,2101881,강제 또는 의무 노동에 관한 협약 비준동의안,정부,2020-07-14,,,,소관위접수
19,2101880,사회적경제기본법안(윤호중의원 등 15인),의원,2020-07-14,,,,소관위접수
20,2101879,주거기본법 일부개정법률안(윤호중의원 등 12인),의원,2020-07-14,,,,소관위접수
21,2101878,긴급복지지원법 일부개정법률안(최연숙의원 등 15인),의원,2020-07-14,,,,소관위접수
22,2101877,공동주택관리법 일부개정법률안(박용진의원 등 12인),의원,2020-07-14,,,,소관위접수
23,2101876,조세특례제한법 일부개정법률안(신정훈의원 등 14인),의원,2020-07-14,,,,소관위접수
24,2101875,하도급거래 공정화에 관한 법률 일부개정법률안(신정훈의원 등 18인),의원,2020-07-14,,,,소관위접수
25,2101874,국가교육위원회의 설치 및 운영에 관한 법률안(정청래의원 등 14인),의원,2020-07-13,,,,소관위접수
26,2101873,조세특례제한법 일부개정법률안(박광온의원 등 10인),의원,2020-07-13,,,,소관위접수
27,2101872,수도권정비계획법 일부개정법률안(정성호의원 등 10인),의원,2020-07-13,,,,소관위접수
28,2101871,민간임대주택에 관한 특별법 일부개정법률안(김남국의원 등 11인),의원,2020-07-13,,,,소관위접수
29,2101870,방송법 일부개정법률안(정경희의원 등 53인),의원,2020-07-13,,,,소관위접수
30,2101869,지방세특례제한법 일부개정법률안(정성호의원 등 10인),의원,2020-07-13,,,,소관위접수
31,2101868,정치자금법 일부개정법률안(정성호의원 등 10인),의원,2020-07-13,,,,소관위접수
32,2101867,재한외국인 처우 기본법 일부개정법률안(정성호의원 등 11인),의원,2020-07-13,,,,소관위접수
33,2101866,감염병의 예방 및 관리에 관한 법률 일부개정법률안(남인순의원 등 12인),의원,2020-07-13,,,,소관위접수
34,2101865,조세특례제한법 일부개정법률안(고용진의원 등 10인),의원,2020-07-13,,,,소관위접수
35,2101864,정부조직법 일부개정법률안(이명수의원 등 10인),의원,2020-07-13,,,,소관위접수
36,2101863,국민연금법 일부개정법률안(정춘숙의원 등 10인),의원,2020-07-13,,,,소관위접수
37,2101862,조세특례제한법 일부개정법률안(김정호의원 등 12인),의원,2020-07-13,,,,소관위접수
38,2101861,지방자치단체출연 연구원의 설립 및 운영에 관한 법률 일부개정법률안(김정호의원 등 10인),의원,2020-07-13,,,,소관위접수
39,2101860,소상공인 보호 및 지원에 관한 법률 일부개정법률안(이동주의원 등 20인),의원,2020-07-13,,,,소관위심사
40,2101859,전자상거래 등에서의 소비자보호에 관한 법률 일부개정법률안(이태규의원 등 11인),의원,2020-07-13,,,,소관위접수
41,2101858,국민건강증진법 일부개정법률안(김영호의원 등 12인),의원,2020-07-13,,,,소관위접수
42,2101857,소득세법 일부개정법률안(우원식의원 등 37인),의원,2020-07-13,,,,소관위접수
43,2101856,조세특례제한법 일부개정법률안(우원식의원 등 37인),의원,2020-07-13,,,,소관위접수
44,2101855,공직선거법 일부개정법률안(백혜련의원 등 11인),의원,2020-07-13,,,,소관위접수
45,2101854,산업안전보건법 일부개정법률안,정부,2020-07-13,,,,소관위접수
46,2101853,건설기술 진흥법 일부개정법률안(김희국의원 등 11인),의원,2020-07-13,,,,소관위접수
47,2101852,건설기술 진흥법 일부개정법률안(김희국의원 등 11인),의원,2020-07-13,,,,소관위접수
48,2101851,주택법 일부개정법률안(김희국의원 등 11인),의원,2020-07-13,,,,소관위접수
49,2101850,가정폭력범죄의 처벌 등에 관한 특례법 일부개정법률안(임호선의원 등 23인),의원,2020-07-13,,,,소관위접수
50,2101849,근로기준법 일부개정법률안(김경협의원 등 20인),의원,2020-07-13,,,,소관위접수
51,2101848,건설산업기본법 일부개정법률안(김희국의원 등 13인),의원,2020-07-13,,,,소관위접수
52,2101847,가사근로자의 고용개선 등에 관한 법률안,정부,2020-07-13,,,,소관위접수
53,2101846,빈집 및 소규모주택 정비에 관한 특례법 일부개정법률안(문정복의원 등 11인),의원,2020-07-13,2020-08-04,수정가결,,정부이송
54,2101845,남녀고용평등과 일·가정 양립 지원에 관한 법률 일부개정법률안(김경협의원 등 19인),의원,2020-07-13,,,,소관위접수
55,2101844,한국투자공사법 일부개정법률안(김경협의원 등 17인),의원,2020-07-13,,,,소관위접수
56,2101843,집합건물의 소유 및 관리에 관한 법률 일부개정법률안(박주민의원 등 15인),의원,2020-07-13,,,,소관위접수
57,2101842,성폭력범죄의 처벌 등에 관한 특례법 일부개정법률안(이종배의원 등 10인),의원,2020-07-13,,,,소관위접수
58,2101841,감염병의 예방 및 관리에 관한 법률 일부개정법률안(김성주의원 등 12인),의원,2020-07-13,,,,소관위심사
59,2101840,징벌적 배상에 관한 법률안(박주민의원 등 16인),의원,2020-07-13,,,,소관위접수
60,2101839,헌법재판소법 일부개정법률안(정성호의원 등 10인),의원,2020-07-13,,,,소관위접수
61,2101838,감염병의 예방 및 관리에 관한 법률 일부개정법률안(최연숙의원 등 12인),의원,2020-07-13,,,,소관위접수
62,2101837,주택임대차보호법 일부개정법률안(정성호의원 등 10인),의원,2020-07-13,,,,소관위접수
63,2101836,민사소송법 일부개정법률안(유동수의원 등 11인),의원,2020-07-13,,,,소관위접수
64,2101835,온라인플랫폼 통신판매중개거래의 공정화에 관한 법률안(송갑석의원 등 10인),의원,2020-07-13,,,,소관위접수
65,2101834,국회법 일부개정법률안(김석기의원 등 13인),의원,2020-07-13,,,,소관위접수
66,2101833,인체조직안전 및 관리 등에 관한 법률 일부개정법률안,정부,2020-07-13,,,,소관위접수
67,2101832,의료법 일부개정법률안(최연숙의원 등 11인),의원,2020-07-13,,,,소관위접수
68,2101831,정신건강증진 및 정신질환자 복지서비스 지원에 관한 법률 일부개정법률안(최연숙의원 등 12인),의원,2020-07-13,,,,소관위접수
69,2101830,다중이용업소의 안전관리에 관한 특별법 일부개정법률안(오영환의원 등 12인),의원,2020-07-13,,,,소관위접수
70,2101829,금융소비자 보호에 관한 법률 일부개정법률안(전재수의원 등 10인),의원,2020-07-13,,,,소관위접수
71,2101828,인사청문회법 일부개정법률안(정성호의원 등 12인),의원,2020-07-13,,,,소관위접수
72,2101827,정보통신망 이용촉진 및 정보보호 등에 관한 법률 일부개정법률안,정부,2020-07-13,,,,소관위접수
73,2101826,국회의원수당 등에 관한 법률 전부개정법률안(추경호의원 등 34인),의원,2020-07-13,,,,소관위접수
74,2101825,개성공업지구 사업 중단으로 인한 투자기업 등의 손실보상에 관한 특별법안(윤상현의원 등 10인),의원,2020-07-13,,,,소관위접수
75,2101824,의료법 일부개정법률안(박주민의원 등 20인),의원,2020-07-13,,,,소관위접수
76,2101823,"인공지능 연구개발 및 산업 진흥, 윤리적 책임 등에 관한 법률안(이상민의원 등 11인)",의원,2020-07-13,,,,소관위접수
77,2101822,조세특례제한법 일부개정법률안(한무경의원 등 14인),의원,2020-07-13,,,,소관위접수
78,2101821,의료법 일부개정법률안(김상희의원 등 11인),의원,2020-07-13,,,,소관위접수
79,2101820,주택임대차보호법 일부개정법률안(김상희의원 등 12인),의원,2020-07-13,,,,소관위접수
80,2101819,형사소송법 일부개정법률안(유동수의원 등 11인),의원,2020-07-13,,,,소관위접수
81,2101818,한부모가족지원법 일부개정법률안,정부,2020-07-13,,,,소관위접수
82,2101817,조세특례제한법 일부개정법률안(김진표의원 등 10인),의원,2020-07-13,,,,소관위접수
83,2101816,아동·청소년의 성보호에 관한 법률 일부개정법률안(강선우의원 등 15인),의원,2020-07-13,,,,소관위접수
84,2101815,파견근로자 보호 등에 관한 법률 일부개정법률안,정부,2020-07-13,,,,소관위접수
85,2101814,재건축초과이익 환수에 관한 법률 일부개정법률안(강준현의원 등 13인),의원,2020-07-10,2020-08-04,수정가결,,정부이송
86,2101813,지방세특례제한법 일부개정법률안(한병도의원 등 13인),의원,2020-07-10,2020-08-04,수정가결,,정부이송
87,2101812,조세특례제한법 일부개정법률안(박광온의원 등 10인),의원,2020-07-10,,,,소관위접수
88,2101811,국민연금법 일부개정법률안(정춘숙의원 등 10인),의원,2020-07-10,,,,소관위접수
89,2101810,해외진출기업의 국내복귀 지원에 관한 법률 일부개정법률안(박광온의원 등 10인),의원,2020-07-10,,,,소관위심사
90,2101809,국민건강보험법 일부개정법률안(정춘숙의원 등 10인),의원,2020-07-10,,,,소관위접수
91,2101808,주택임대차보호법 일부개정법률안(이성만의원 등 17인),의원,2020-07-10,,,,소관위접수
92,2101807,상가건물 임대차보호법 일부개정법률안(이성만의원 등 15인),의원,2020-07-10,,,,소관위접수
93,2101806,새마을금고법 일부개정법률안,정부,2020-07-10,,,,소관위접수
94,2101805,공공자원의 개방 및 국민 이용 활성화에 관한 법률안(소병훈의원 등 13인),의원,2020-07-10,,,,소관위접수
95,2101804,종합부동산세법 일부개정법률안(고용진의원 등 13인),의원,2020-07-10,2020-08-04,원안가결,,정부이송
96,2101803,법인세법 일부개정법률안(고용진의원 등 13인),의원,2020-07-10,2020-08-04,원안가결,,정부이송
97,2101802,소득세법 일부개정법률안(고용진의원 등 13인),의원,2020-07-10,2020-08-04,수정가결,,정부이송
98,2101801,감염병의 예방 및 관리에 관한 법률 일부개정법률안(서영석의원 등 12인),의원,2020-07-10,,,,소관위접수
99,2101800,국민체육진흥법 일부개정법률안(이용의원 등 36인),의원,2020-07-10,2020-08-04,대안반영폐기,,대안반영폐기
0,2101799,물가안정에 관한 법률 일부개정법률안(양경숙의원 등 11인),의원,2020-07-10,,,,소관위접수
1,2101798,환자안전법 일부개정법률안(정춘숙의원 등 10인),의원,2020-07-10,,,,소관위접수
2,2101797,식품위생법 일부개정법률안(정춘숙의원 등 10인),의원,2020-07-10,,,,소관위접수
3,2101796,농수산물 품질관리법 일부개정법률안(정춘숙의원 등 10인),의원,2020-07-10,,,,소관위접수
4,2101795,기부금품의 모집 및 사용에 관한 법률 일부개정법률안(정춘숙의원 등 10인),의원,2020-07-10,,,,소관위접수
5,2101794,언론중재 및 피해구제 등에 관한 법률 일부개정법률안(정청래의원 등 11인),의원,2020-07-10,,,,소관위접수
6,2101793,119구조·구급에 관한 법률 일부개정법률안(오영환의원 등 15인),의원,2020-07-10,,,,소관위접수
7,2101792,유선 및 도선 사업법 일부개정법률안,정부,2020-07-10,,,,소관위접수
8,2101791,독점규제 및 공정거래에 관한 법률 일부개정법률안(유동수의원 등 10인),의원,2020-07-10,,,,소관위접수
9,2101790,소방기본법 일부개정법률안(오영환의원 등 21인),의원,2020-07-10,,,,소관위접수
10,2101789,법인세법 일부개정법률안(구자근의원 등 10인),의원,2020-07-10,,,,소관위접수
11,2101788,장애인복지법 일부개정법률안(이종성의원 등 10인),의원,2020-07-10,,,,소관위접수
12,2101787,약사법 일부개정법률안(김상희의원 등 10인),의원,2020-07-10,,,,소관위접수
13,2101786,사회보장급여의 이용·제공 및 수급권자 발굴에 관한 법률 일부개정법률안(정춘숙의원 등 10인),의원,2020-07-10,,,,소관위접수
14,2101785,사회적기업 육성법 일부개정법률안(정성호의원 등 11인),의원,2020-07-10,,,,소관위접수
15,2101784,교정공무원 보건안전 및 복지 기본법안(정성호의원 등 11인),의원,2020-07-10,,,,소관위접수
16,2101783,국민의 형사재판 참여에 관한 법률 일부개정법률안(정성호의원 등 11인),의원,2020-07-10,,,,소관위접수
17,2101782,대한적십자사 조직법 일부개정법률안(이명수의원 등 13인),의원,2020-07-10,,,,소관위접수
18,2101781,폐광지역 개발 지원에 관한 특별법 일부개정법률안(신정훈의원 등 20인),의원,2020-07-10,,,,소관위심사
19,2101780,공무원연금법 일부개정법률안,정부,2020-07-10,,,,소관위접수
20,2101779,철도산업발전기본법 일부개정법률안(정성호의원 등 11인),의원,2020-07-10,,,,소관위접수
21,2101778,국유재산특례제한법 일부개정법률안(정성호의원 등 12인),의원,2020-07-10,,,,소관위접수
22,2101777,특정범죄신고자 등 보호법 일부개정법률안(정성호의원 등 12인),의원,2020-07-10,,,,소관위접수
23,2101776,헌법재판소법 일부개정법률안(정성호의원 등 10인),의원,2020-07-10,,,,소관위접수
24,2101775,정부조직법 일부개정법률안(정성호의원 등 10인),의원,2020-07-10,,,,소관위접수
25,2101774,도시재생 활성화 및 지원에 관한 특별법 일부개정법률안(정성호의원 등 11인),의원,2020-07-10,,,,소관위접수
26,2101773,방문판매 등에 관한 법률 일부개정법률안,정부,2020-07-10,,,,소관위접수
27,2101772,방송법 일부개정법률안,정부,2020-07-10,,,,소관위접수
28,2101771,학교급식법 일부개정법률안(정점식의원 등 10인),의원,2020-07-10,,,,소관위접수
29,2101770,입양특례법 일부개정법률안,정부,2020-07-10,,,,소관위접수
30,2101769,대·중소기업 상생협력 촉진에 관한 법률 일부개정법률안(이장섭의원 등 15인),의원,2020-07-10,,,,소관위심사
31,2101768,소방시설공사업법 일부개정법률안,정부,2020-07-10,,,,소관위접수
32,2101767,"화재예방, 소방시설 설치·유지 및 안전관리에 관한 법률 일부개정법률안",정부,2020-07-10,,,,소관위접수
33,2101766,산업재해보상보험법 일부개정법률안(장철민의원 등 12인),의원,2020-07-10,,,,소관위접수
34,2101765,보건환경연구원법 일부개정법률안,정부,2020-07-10,,,,소관위접수
35,2101764,대한적십자사 조직법 일부개정법률안,정부,2020-07-10,,,,소관위접수
36,2101763,사립학교법 일부개정법률안,정부,2020-07-10,,,,소관위접수
37,2101762,감염병의 예방 및 관리에 관한 법률 일부개정법률안(최종윤의원 등 12인),의원,2020-07-10,,,,소관위접수
38,2101761,생명윤리 및 안전에 관한 법률 일부개정법률안,정부,2020-07-10,,,,소관위접수
39,2101760,자본시장과 금융투자업에 관한 법률 일부개정법률안(최종윤의원 등 11인),의원,2020-07-10,,,,소관위접수
40,2101759,옥외광고물 등의 관리와 옥외광고산업 진흥에 관한 법률 일부개정법률안,정부,2020-07-10,,,,소관위접수
41,2101758,도시형소공인 보호를 위한 원산지 표시에 관한 법률안(서영교의원 등 15인),의원,2020-07-10,,,,소관위접수
42,2101757,하도급거래 공정화에 관한 법률 일부개정법률안(서영교의원 등 15인),의원,2020-07-10,,,,소관위접수
43,2101756,자연유산의 보존 및 활용에 관한 법률안(이상헌의원 등 13인),의원,2020-07-10,,,,소관위접수
44,2101755,민영교도소 등의 설치·운영에 관한 법률 일부개정법률안,정부,2020-07-10,,,,소관위접수
45,2101754,문화재보호법 일부개정법률안(이상헌의원 등 13인),의원,2020-07-10,,,,소관위접수
46,2101753,외국인근로자의 고용 등에 관한 법률 일부개정법률안(이종배의원 등 10인),의원,2020-07-10,,,,소관위접수
47,2101752,조세특례제한법 일부개정법률안(서영교의원 등 18인),의원,2020-07-10,,,,소관위접수
48,2101751,협동조합 기본법 일부개정법률안(김도읍의원 등 10인),의원,2020-07-10,,,,소관위접수
49,2101750,학교시설사업 촉진법 일부개정법률안,정부,2020-07-10,,,,소관위접수
50,2101749,부가가치세법 일부개정법률안(서영교의원 등 11인),의원,2020-07-10,,,,소관위접수
51,2101748,상호저축은행법 일부개정법률안,정부,2020-07-10,,,,소관위접수
52,2101747,아동수당법 일부개정법률안(강선우의원 등 12인),의원,2020-07-09,,,,소관위접수
53,2101746,수상레저안전법 일부개정법률안,정부,2020-07-09,,,,소관위접수
54,2101745,예금자보호법 일부개정법률안(양정숙의원 등 11인),의원,2020-07-09,,,,소관위접수
55,2101744,서민의 금융생활 지원에 관한 법률 일부개정법률안(양정숙의원 등 17인),의원,2020-07-09,,,,소관위접수
56,2101743,아동학대범죄의 처벌 등에 관한 특례법 일부개정법률안(김정재의원 등 12인),의원,2020-07-09,,,,소관위접수
57,2101742,국가를 당사자로 하는 소송에 관한 법률 일부개정법률안(양정숙의원 등 12인),의원,2020-07-09,,,,소관위접수
58,2101741,공탁법 일부개정법률안(양정숙의원 등 12인),의원,2020-07-09,,,,소관위접수
59,2101740,상가건물 임대차보호법 일부개정법률안(이해식의원 등 10인),의원,2020-07-09,,,,소관위접수
60,2101739,축산법 일부개정법률안(송옥주의원 등 10인),의원,2020-07-09,,,,소관위접수
61,2101738,스토킹 범죄의 처벌 등에 관한 법률안(임호선의원 등 23인),의원,2020-07-09,,,,소관위접수
62,2101737,소득세법 일부개정법률안(박홍근의원 등 12인),의원,2020-07-09,,,,소관위접수
63,2101736,아동학대범죄의 처벌 등에 관한 특례법 일부개정법률안(임호선의원 등 23인),의원,2020-07-09,,,,소관위접수
64,2101735,체육시설의 설치·이용에 관한 법률 일부개정법률안(안규백의원 등 19인),의원,2020-07-09,,,,소관위접수
65,2101734,아동복지법 일부개정법률안(양정숙의원 등 12인),의원,2020-07-09,,,,소관위접수
66,2101733,성폭력방지 및 피해자보호 등에 관한 법률 일부개정법률안(서동용의원 등 15인),의원,2020-07-09,,,,소관위접수
67,2101732,공중보건 위기대응 의료제품의 개발촉진 및 긴급대응을 위한 의료제품 공급 특례법안(한정애의원 등 10인),의원,2020-07-09,,,,소관위접수
68,2101731,약사법 일부개정법률안(김상희의원 등 10인),의원,2020-07-09,,,,소관위접수
69,2101730,아동복지법 일부개정법률안(김정재의원 등 12인),의원,2020-07-09,,,,소관위접수
70,2101729,근로기준법 일부개정법률안(박정의원 등 18인),의원,2020-07-09,,,,소관위접수
71,2101728,주거기본법 일부개정법률안(박정의원 등 15인),의원,2020-07-09,,,,소관위접수
72,2101727,모자보건법 일부개정법률안(박정의원 등 18인),의원,2020-07-09,,,,소관위접수
73,2101726,신용협동조합법 일부개정법률안(박정의원 등 13인),의원,2020-07-09,,,,소관위접수
74,2101725,민사소송법 일부개정법률안(양정숙의원 등 11인),의원,2020-07-09,,,,소관위접수
75,2101724,고용정책 기본법 일부개정법률안(박정의원 등 18인),의원,2020-07-09,,,,소관위접수
76,2101723,종합부동산세법 일부개정법률안(박홍근의원 등 12인),의원,2020-07-09,,,,소관위접수
77,2101722,주택임대차보호법 일부개정법률안(이해식의원 등 10인),의원,2020-07-09,,,,소관위접수
78,2101721,고용정책 기본법 일부개정법률안(박완수의원 등 10인),의원,2020-07-09,,,,소관위접수
79,2101720,국가균형발전 특별법 일부개정법률안(박완수의원 등 10인),의원,2020-07-09,,,,소관위심사
80,2101719,국민기초생활 보장법 일부개정법률안(이해식의원 등 14인),의원,2020-07-09,,,,소관위접수
81,2101718,지방세법 일부개정법률안(박홍근의원 등 12인),의원,2020-07-09,2020-07-15,철회,,철회
82,2101717,혁신도시 조성 및 발전에 관한 특별법 일부개정법률안(전봉민의원 등 10인),의원,2020-07-09,,,,소관위접수
83,2101716,지방세특례제한법 일부개정법률안(박홍근의원 등 12인),의원,2020-07-09,,,,소관위접수
84,2101715,문화재보호법 일부개정법률안,정부,2020-07-09,,,,소관위접수
85,2101714,응급의료에 관한 법률 일부개정법률안,정부,2020-07-09,,,,소관위접수
86,2101713,종합부동산세법 일부개정법률안(김진애의원 등 11인),의원,2020-07-09,,,,소관위접수
87,2101712,근로기준법 일부개정법률안(강은미의원 등 12인),의원,2020-07-09,,,,소관위접수
88,2101711,미세먼지 저감 및 관리에 관한 특별법 일부개정법률안(이상헌의원 등 12인),의원,2020-07-09,,,,소관위접수
89,2101710,형법 일부개정법률안(김용민의원 등 18인),의원,2020-07-09,,,,소관위접수
90,2101709,법원조직법 일부개정법률안(박주민의원 등 12인),의원,2020-07-09,,,,소관위접수
91,2101708,검찰청법 일부개정법률안(박주민의원 등 12인),의원,2020-07-09,,,,소관위접수
92,2101707,변호사법 일부개정법률안(박주민의원 등 11인),의원,2020-07-09,,,,소관위접수
93,2101706,공직선거법 일부개정법률안(안규백의원 등 16인),의원,2020-07-09,,,,소관위접수
94,2101705,독점규제 및 공정거래에 관한 법률 일부개정법률안(안규백의원 등 14인),의원,2020-07-09,,,,소관위접수
95,2101704,국가통합교통체계효율화법 일부개정법률안(안규백의원 등 14인),의원,2020-07-09,,,,소관위접수
96,2101703,민방위기본법 일부개정법률안,정부,2020-07-09,,,,소관위접수
97,2101702,지방공무원법 일부개정법률안(서범수의원 등 13인),의원,2020-07-09,,,,소관위접수
98,2101701,국회의원수당 등에 관한 법률 일부개정법률안(서범수의원 등 13인),의원,2020-07-09,,,,소관위접수
99,2101700,지방자치법 일부개정법률안(서범수의원 등 13인),의원,2020-07-09,,,,소관위접수
0,2101699,지방공기업법 일부개정법률안,정부,2020-07-09,,,,소관위접수
1,2101698,자연재해대책법 일부개정법률안(박덕흠의원 등 11인),의원,2020-07-09,,,,소관위접수
2,2101697,최저임금법 일부개정법률안(최승재의원 등 11인),의원,2020-07-09,,,,소관위접수
3,2101696,전통시장 및 상점가 육성을 위한 특별법 일부개정법률안(김상훈의원 등 10인),의원,2020-07-09,,,,소관위심사
4,2101695,고등교육법 일부개정법률안(권인숙의원 등 13인),의원,2020-07-09,,,,소관위접수
5,2101694,법인세법 일부개정법률안(이형석의원 등 15인),의원,2020-07-09,,,,소관위접수
6,2101693,교육공무원법 일부개정법률안(권인숙의원 등 14인),의원,2020-07-09,,,,소관위접수
7,2101692,사립학교법 일부개정법률안(권인숙의원 등 14인),의원,2020-07-09,,,,소관위접수
8,2101691,공중화장실 등에 관한 법률 일부개정법률안,정부,2020-07-09,,,,소관위접수
9,2101690,부가가치세법 일부개정법률안(문진석의원 등 11인),의원,2020-07-09,,,,소관위접수
10,2101689,중소기업기본법 일부개정법률안(김경만의원 등 14인),의원,2020-07-09,,,,소관위심사
11,2101688,산업재해보상보험법 일부개정법률안(장철민의원 등 12인),의원,2020-07-09,,,,소관위접수
12,2101687,교육기본법 일부개정법률안(임종성의원 등 11인),의원,2020-07-09,,,,소관위접수
13,2101686,조세특례제한법 일부개정법률안(구자근의원 등 12인),의원,2020-07-09,,,,소관위접수
14,2101685,감염병의 예방 및 관리에 관한 법률 일부개정법률안(허종식의원 등 20인),의원,2020-07-09,,,,소관위접수
15,2101684,고등교육법 일부개정법률안(박영순의원 등 15인),의원,2020-07-09,,,,소관위접수
16,2101683,초·중등교육법 일부개정법률안(임종성의원 등 10인),의원,2020-07-09,,,,소관위접수
17,2101682,의료법 일부개정법률안(김남국의원 등 12인),의원,2020-07-09,2020-07-24,철회,,철회
18,2101681,자율방범대 설치 및 운영에 관한 법률안(유동수의원 등 12인),의원,2020-07-09,,,,소관위접수
19,2101680,변호사법 일부개정법률안(정청래의원 등 10인),의원,2020-07-09,,,,소관위접수
20,2101679,조세특례제한법 일부개정법률안(윤두현의원 등 12인),의원,2020-07-09,,,,소관위접수
21,2101678,국민건강보험법 일부개정법률안(신현영의원 등 11인),의원,2020-07-09,,,,소관위접수
22,2101677,부동산 실권리자명의 등기에 관한 법률 일부개정법률안(김승남의원 등 10인),의원,2020-07-09,,,,소관위접수
23,ZZ21013,국가정보원장후보자(박지원) 인사청문요청안,기타,2020-07-08,,,,소관위심사
24,ZZ21012,국무위원후보자(통일부장관 이인영) 인사청문요청안,기타,2020-07-08,,,,소관위심사보고
25,2101676,소득세법 일부개정법률안(양경숙의원 등 10인),의원,2020-07-08,,,,소관위접수
26,2101675,공익신고자 보호법 일부개정법률안(서동용의원 등 14인),의원,2020-07-08,,,,소관위접수
27,2101674,최저임금법 일부개정법률안(정희용의원 등 10인),의원,2020-07-08,,,,소관위접수
28,2101673,산업안전보건법 일부개정법률안(이병훈의원 등 21인),의원,2020-07-08,,,,소관위접수
29,2101672,직업교육훈련 촉진법 일부개정법률안(서동용의원 등 14인),의원,2020-07-08,,,,소관위접수
30,2101671,사립학교법 일부개정법률안(서동용의원 등 15인),의원,2020-07-08,,,,소관위접수
31,2101670,남녀고용평등과 일·가정 양립 지원에 관한 법률 일부개정법률안(임종성의원 등 13인),의원,2020-07-08,,,,소관위접수
32,2101669,사회보장급여의 이용·제공 및 수급권자 발굴에 관한 법률 일부개정법률안(고영인의원 등 27인),의원,2020-07-08,,,,소관위접수
33,2101668,개발제한구역의 지정 및 관리에 관한 특별조치법 일부개정법률안(김정호의원 등 11인),의원,2020-07-08,,,,소관위접수
34,2101667,국회법 일부개정법률안(권칠승의원 등 10인),의원,2020-07-08,,,,소관위접수
35,2101666,국가회계법 일부개정법률안(김선교의원 등 11인),의원,2020-07-08,,,,소관위접수
36,2101665,국가재정법 일부개정법률안(김선교의원 등 11인),의원,2020-07-08,,,,소관위접수
37,2101664,소년법 일부개정법률안(백혜련의원 등 18인),의원,2020-07-08,,,,소관위접수
38,2101663,출입국관리법 일부개정법률안(백혜련의원 등 12인),의원,2020-07-08,,,,소관위접수
39,2101662,지방세특례제한법 일부개정법률안(구자근의원 등 10인),의원,2020-07-08,,,,소관위접수
40,2101661,5·18민주화운동 관련자 보상 등에 관한 법률 일부개정법률안(민형배의원 등 23인),의원,2020-07-08,,,,소관위접수
41,2101660,대부업 등의 등록 및 금융이용자 보호에 관한 법률 일부개정법률안(민형배의원 등 19인),의원,2020-07-08,,,,소관위접수
42,2101659,재난 및 안전관리 기본법 일부개정법률안(김민석의원 등 27인),의원,2020-07-08,,,,소관위접수
43,2101658,불법기부금품 등의 몰수에 관한 특례법안(안병길의원 등 23인),의원,2020-07-08,,,,소관위접수
44,2101657,남북협력기금법 일부개정법률안(김홍걸의원 등 15인),의원,2020-07-08,,,,소관위심사
45,2101656,방송통신발전 기본법 일부개정법률안(변재일의원 등 10인),의원,2020-07-08,,,,소관위접수
46,2101655,국민건강증진법 일부개정법률안(최혜영의원 등 16인),의원,2020-07-08,,,,소관위접수
47,2101654,지방자치법 일부개정법률안(전혜숙의원 등 13인),의원,2020-07-08,,,,소관위접수
48,2101653,국가재난관리기금법안(김민석의원 등 27인),의원,2020-07-08,,,,소관위접수
49,2101652,담배사업법 일부개정법률안(최혜영의원 등 17인),의원,2020-07-08,,,,소관위접수
50,2101651,국가재정법 일부개정법률안(김민석의원 등 27인),의원,2020-07-08,,,,소관위접수
51,2101650,남북교류협력에 관한 법률 일부개정법률안(김홍걸의원 등 15인),의원,2020-07-08,,,,소관위심사
52,2101649,식품 등의 표시·광고에 관한 법률 일부개정법률안(고영인의원 등 23인),의원,2020-07-08,,,,소관위접수
53,2101648,조세특례제한법 일부개정법률안(박성중의원 등 10인),의원,2020-07-08,,,,소관위접수
54,2101647,아동학대범죄의 처벌 등에 관한 특례법 일부개정법률안(이원욱의원 등 11인),의원,2020-07-08,,,,소관위접수
55,2101646,한국주택금융공사법 일부개정법률안(박성중의원 등 11인),의원,2020-07-08,,,,소관위접수
56,2101645,탈탄소 사회로의 전환을 위한 기후위기대응 및 특별위원회 설치 결의안(강은미의원 등 12인),의원,2020-07-08,,,,소관위접수
57,2101644,국민체육진흥법 일부개정법률안(박주민의원 등 10인),의원,2020-07-08,2020-08-04,대안반영폐기,,대안반영폐기
58,2101643,사법경찰관리의 직무를 수행할 자와 그 직무범위에 관한 법률 일부개정법률안(박주민의원 등 11인),의원,2020-07-08,,,,소관위접수
59,2101642,국가정보원직원법 일부개정법률안(송갑석의원 등 10인),의원,2020-07-08,,,,소관위접수
60,2101641,집행관법 일부개정법률안(송갑석의원 등 10인),의원,2020-07-08,,,,소관위접수
61,2101640,전기사업법 일부개정법률안(송갑석의원 등 12인),의원,2020-07-08,,,,소관위심사
62,2101639,공증인법 일부개정법률안(송갑석의원 등 10인),의원,2020-07-08,,,,소관위접수
63,2101638,성폭력범죄의 처벌 등에 관한 특례법 일부개정법률안(송갑석의원 등 10인),의원,2020-07-08,,,,소관위접수
64,2101637,항공안전법 일부개정법률안(박홍근의원 등 15인),의원,2020-07-08,,,,소관위접수
65,2101636,상속세 및 증여세법 일부개정법률안(박홍근의원 등 10인),의원,2020-07-08,,,,소관위접수
66,2101635,10·16부마민주항쟁유공자의 예우에 관한 법률안(김희곤의원 등 17인),의원,2020-07-08,,,,소관위접수
67,2101634,액화석유가스의 안전관리 및 사업법 일부개정법률안(이소영의원 등 12인),의원,2020-07-08,,,,소관위심사
68,2101633,남북협력기금법 일부개정법률안(이용우의원 등 17인),의원,2020-07-08,,,,소관위심사
69,2101632,행정기본법안,정부,2020-07-08,,,,소관위접수
70,2101631,공동주택관리법 일부개정법률안(김영호의원 등 13인),의원,2020-07-08,,,,소관위접수
71,2101630,지방자치법 일부개정법률안(김영호의원 등 10인),의원,2020-07-08,,,,소관위접수
72,2101629,부가가치세법 일부개정법률안(박홍근의원 등 10인),의원,2020-07-08,,,,소관위접수
73,2101628,상가건물 임대차보호법 일부개정법률안(박홍근의원 등 11인),의원,2020-07-08,,,,소관위접수
74,2101627,지방재정법 일부개정법률안(윤준병의원 등 17인),의원,2020-07-08,,,,소관위접수
75,2101626,지방세법 일부개정법률안(윤준병의원 등 18인),의원,2020-07-08,,,,소관위접수
76,2101625,폐기물관리법 일부개정법률안(윤재갑의원 등 12인),의원,2020-07-08,,,,소관위접수
77,2101624,과학기술인공제회법 일부개정법률안(박홍근의원 등 13인),의원,2020-07-08,,,,소관위접수
78,2101623,도서개발 촉진법 일부개정법률안(윤재갑의원 등 10인),의원,2020-07-08,,,,소관위접수
79,2101622,수산기자재산업 육성법안(윤재갑의원 등 11인),의원,2020-07-08,,,,소관위접수
80,2101621,산업안전보건법 일부개정법률안(박홍근의원 등 16인),의원,2020-07-08,,,,소관위접수
81,2101620,교정공제회법 일부개정법률안(박홍근의원 등 15인),의원,2020-07-08,,,,소관위접수
82,2101619,자동차관리법 일부개정법률안(임종성의원 등 12인),의원,2020-07-08,,,,소관위접수
83,2101618,방송법 일부개정법률안(정필모의원 등 11인),의원,2020-07-08,,,,소관위접수
84,2101617,국민체육진흥법 일부개정법률안(임오경의원 등 15인),의원,2020-07-08,2020-08-04,대안반영폐기,,대안반영폐기
85,2101616,산업재해보상보험법 일부개정법률안(장철민의원 등 12인),의원,2020-07-08,,,,소관위접수
86,2101615,부패방지 및 국민권익위원회의 설치와 운영에 관한 법률 일부개정법률안(윤재옥의원 등 13인),의원,2020-07-08,,,,소관위접수
87,2101614,아동복지법 일부개정법률안(신현영의원 등 11인),의원,2020-07-08,,,,소관위접수
88,2101613,인사청문회법 일부개정법률안(윤재옥의원 등 13인),의원,2020-07-08,,,,소관위접수
89,2101612,감염병의 예방 및 관리에 관한 법률 일부개정법률안(신현영의원 등 12인),의원,2020-07-08,,,,소관위접수
90,2101611,국회법 일부개정법률안(윤재옥의원 등 13인),의원,2020-07-08,,,,소관위접수
91,2101610,약사법 일부개정법률안(김예지의원 등 10인),의원,2020-07-08,,,,소관위접수
92,2101609,공직선거법 일부개정법률안(김예지의원 등 11인),의원,2020-07-08,,,,소관위접수
93,2101608,장애인 건강권 및 의료접근성 보장에 관한 법률 일부개정법률안(강선우의원 등 18인),의원,2020-07-08,,,,소관위접수
94,2101607,일제하 일본군위안부 피해자에 대한 보호ㆍ지원 및 기념사업 등에 관한 법률 일부개정법률안(임오경의원 등 10인),의원,2020-07-08,,,,소관위접수
95,2101606,국가재정법 일부개정법률안(권명호의원 등 11인),의원,2020-07-08,,,,소관위접수
96,2101605,공동주택관리법 일부개정법률안(유동수의원 등 13인),의원,2020-07-08,,,,소관위접수
97,2101604,임금채권보장법 일부개정법률안(임이자의원 등 10인),의원,2020-07-08,,,,소관위접수
98,2101603,고용정책 기본법 일부개정법률안(정춘숙의원 등 10인),의원,2020-07-07,,,,소관위접수
99,2101602,아동·청소년의 성보호에 관한 법률 일부개정법률안(정춘숙의원 등 10인),의원,2020-07-07,,,,소관위접수
0,2101601,아동복지법 일부개정법률안(정춘숙의원 등 10인),의원,2020-07-07,,,,소관위접수
1,2101600,남녀고용평등과 일·가정 양립 지원에 관한 법률 일부개정법률안(정춘숙의원 등 10인),의원,2020-07-07,,,,소관위접수
2,2101599,의료법 일부개정법률안(정춘숙의원 등 10인),의원,2020-07-07,,,,소관위접수
3,2101598,초·중등교육법 일부개정법률안(최형두의원 등 10인),의원,2020-07-07,,,,소관위접수
4,2101597,아동복지법 일부개정법률안(정희용의원 등 10인),의원,2020-07-07,,,,소관위접수
5,2101596,국민체육진흥법 일부개정법률안(박정의원 등 22인),의원,2020-07-07,2020-08-04,대안반영폐기,,대안반영폐기
6,2101595,범죄인 인도법 일부개정법률안(송영길의원 등 13인),의원,2020-07-07,,,,소관위접수
7,2101594,보호시설에 있는 미성년자의 후견 직무에 관한 법률 일부개정법률안(정춘숙의원 등 10인),의원,2020-07-07,,,,소관위접수
8,2101593,모자보건법 일부개정법률안(정춘숙의원 등 10인),의원,2020-07-07,,,,소관위접수
9,2101592,교육환경 보호에 관한 법률 일부개정법률안(정춘숙의원 등 10인),의원,2020-07-07,,,,소관위접수
10,2101591,교원의 지위 향상 및 교육활동 보호를 위한 특별법 일부개정법률안(정춘숙의원 등 10인),의원,2020-07-07,,,,소관위접수
11,2101590,국민연금법 일부개정법률안(정춘숙의원 등 10인),의원,2020-07-07,,,,소관위접수
12,2101589,국민연금과 직역연금의 연계에 관한 법률 일부개정법률안(정춘숙의원 등 10인),의원,2020-07-07,,,,소관위접수
13,2101588,국민건강보험법 일부개정법률안(정춘숙의원 등 10인),의원,2020-07-07,,,,소관위접수
14,2101587,감염병의 예방 및 관리에 관한 법률 일부개정법률안(최혜영의원 등 20인),의원,2020-07-07,,,,소관위심사
15,2101586,문화예술진흥법 일부개정법률안(신동근의원 등 10인),의원,2020-07-07,,,,소관위접수
16,2101585,전기통신사업법 일부개정법률안,정부,2020-07-07,,,,소관위접수
17,2101584,국가공무원법 일부개정법률안(정춘숙의원 등 10인),의원,2020-07-07,,,,소관위접수
18,2101583,반인권적 국가범죄의 공소시효 배제 등에 관한 특례법안(정춘숙의원 등 10인),의원,2020-07-07,,,,소관위접수
19,2101582,공직선거법 일부개정법률안(김도읍의원 등 10인),의원,2020-07-07,,,,소관위접수
20,2101581,조세특례제한법 일부개정법률안(김도읍의원 등 11인),의원,2020-07-07,,,,소관위접수
21,2101580,주한미군 공여구역주변지역 등 지원 특별법 일부개정법률안,정부,2020-07-07,,,,소관위접수
22,2101579,위험물안전관리법 일부개정법률안(김용판의원 등 16인),의원,2020-07-07,,,,소관위접수
23,2101578,다중이용업소의 안전관리에 관한 특별법 일부개정법률안(김용판의원 등 14인),의원,2020-07-07,,,,소관위접수
24,2101577,응급의료에 관한 법률 일부개정법률안(김승수의원 등 14인),의원,2020-07-07,,,,소관위접수
25,2101576,납세자소송에 관한 특별법안(이상민의원 등 10인),의원,2020-07-07,,,,소관위접수
26,2101575,공공데이터의 제공 및 이용 활성화에 관한 법률 일부개정법률안(송갑석의원 등 15인),의원,2020-07-07,,,,소관위접수
27,2101574,지방세법 일부개정법률안(홍정민의원 등 10인),의원,2020-07-07,,,,소관위접수
28,2101573,119구조·구급에 관한 법률 일부개정법률안(김승수의원 등 14인),의원,2020-07-07,,,,소관위접수
29,2101572,지방회계법 일부개정법률안(민형배의원 등 14인),의원,2020-07-07,,,,소관위접수
30,2101571,공정거래관련 집단소송법안(전해철의원 등 18인),의원,2020-07-07,,,,소관위접수
31,2101570,공공기관의 정보공개에 관한 법률 일부개정법률안(송갑석의원 등 14인),의원,2020-07-07,,,,소관위접수
32,2101569,자원의 절약과 재활용촉진에 관한 법률 일부개정법률안(김형동의원 등 19인),의원,2020-07-07,,,,소관위접수
33,2101568,위생용품 관리법 일부개정법률안(김원이의원 등 20인),의원,2020-07-07,,,,소관위접수
34,2101567,하도급거래 공정화에 관한 법률 일부개정법률안(민형배의원 등 14인),의원,2020-07-07,,,,소관위접수
35,2101566,국민체육진흥법 일부개정법률안(이병훈의원 등 11인),의원,2020-07-07,2020-08-04,대안반영폐기,,대안반영폐기
36,2101565,초·중등교육법 일부개정법률안(김원이의원 등 28인),의원,2020-07-07,,,,소관위접수
37,2101564,한국교직원공제회법 일부개정법률안,정부,2020-07-07,,,,소관위접수
38,2101563,유아교육법 일부개정법률안,정부,2020-07-07,,,,소관위접수
39,2101562,식생활교육지원법 일부개정법률안(김원이의원 등 22인),의원,2020-07-07,,,,소관위접수
40,2101561,소비자집단소송법안(이학영의원 등 11인),의원,2020-07-07,,,,소관위접수
41,2101560,임금채권보장법 일부개정법률안(장철민의원 등 12인),의원,2020-07-07,,,,소관위접수
42,2101559,장애인복지법 일부개정법률안(이종배의원 등 10인),의원,2020-07-07,,,,소관위접수
43,2101558,조세특례제한법 일부개정법률안(김승남의원 등 16인),의원,2020-07-07,,,,소관위접수
44,2101557,정당법 일부개정법률안(송옥주의원 등 10인),의원,2020-07-07,,,,소관위접수
45,2101556,장점마을 집단 암 발병 사태에 대한 진상규명 및 피해 배상ㆍ보상 촉구 결의안(김수흥의원 등 37인),의원,2020-07-07,,,,소관위접수
46,2101555,국회법 일부개정법률안(엄태영의원 등 14인),의원,2020-07-07,,,,소관위접수
47,2101554,공무원의 노동조합 설립 및 운영 등에 관한 법률 일부개정법률안(김주영의원 등 18인),의원,2020-07-07,,,,소관위접수
48,2101553,고향사랑 기부제에 관한 법률안(김승남의원 등 16인),의원,2020-07-07,,,,소관위접수
49,2101552,코로나19 대북 인도적 협력 촉구 결의안(안민석의원 등 37인),의원,2020-07-07,,,,소관위접수
50,2101551,국민연금법 일부개정법률안(이학영의원 등 10인),의원,2020-07-07,,,,소관위접수
51,2101550,도로교통법 일부개정법률안(정청래의원 등 11인),의원,2020-07-07,,,,소관위접수
52,2101549,소득세법 일부개정법률안(강병원의원 등 12인),의원,2020-07-07,,,,소관위접수
53,2101548,종합부동산세법 일부개정법률안(김정호의원 등 12인),의원,2020-07-07,,,,소관위접수
54,2101547,산업재해보상보험법 일부개정법률안(장철민의원 등 10인),의원,2020-07-07,,,,소관위접수
55,2101546,법인세법 일부개정법률안(김정호의원 등 10인),의원,2020-07-07,,,,소관위접수
56,2101545,공직선거법 일부개정법률안(정희용의원 등 13인),의원,2020-07-07,,,,소관위접수
57,2101544,감염병의 예방 및 관리에 관한 법률 일부개정법률안(김원이의원 등 21인),의원,2020-07-07,,,,소관위접수
58,2101543,감염병의 예방 및 관리에 관한 법률 일부개정법률안(고영인의원 등 21인),의원,2020-07-07,,,,소관위접수
59,2101542,개발제한구역의 지정 및 관리에 관한 특별조치법 일부개정법률안(이종성의원 등 14인),의원,2020-07-07,,,,소관위접수
60,2101541,유통산업발전법 일부개정법률안(김경만의원 등 15인),의원,2020-07-07,,,,소관위심사
61,2101534,전공의의 수련환경 개선 및 지위 향상을 위한 법률 일부개정법률안(정춘숙의원 등 10인),의원,2020-07-07,,,,소관위접수
62,2101540,국민연금법 일부개정법률안(김상희의원 등 12인),의원,2020-07-06,,,,소관위접수
63,2101539,저출산·고령사회기본법 일부개정법률안(남인순의원 등 17인),의원,2020-07-06,,,,소관위접수
64,2101538,부동산 거래신고 등에 관한 법률 일부개정법률안(박상혁의원 등 19인),의원,2020-07-06,2020-08-04,수정가결,,정부이송
65,2101537,근로기준법 일부개정법률안(이주환의원 등 12인),의원,2020-07-06,,,,소관위접수
66,2101536,최저임금법 일부개정법률안(이주환의원 등 12인),의원,2020-07-06,,,,소관위접수
67,2101535,아동·청소년의 성보호에 관한 법률 일부개정법률안(정춘숙의원 등 10인),의원,2020-07-06,,,,소관위접수
68,2101533,저출산·고령사회기본법 일부개정법률안(정춘숙의원 등 10인),의원,2020-07-06,,,,소관위접수
69,2101532,생명윤리 및 안전에 관한 법률 일부개정법률안(정춘숙의원 등 10인),의원,2020-07-06,,,,소관위접수
70,2101531,한부모가족지원법 일부개정법률안(정춘숙의원 등 10인),의원,2020-07-06,,,,소관위접수
71,2101530,약사법 일부개정법률안(정춘숙의원 등 10인),의원,2020-07-06,,,,소관위접수
72,2101529,국민연금법 일부개정법률안(정춘숙의원 등 10인),의원,2020-07-06,,,,소관위접수
73,2101528,노인장기요양보험법 일부개정법률안(정춘숙의원 등 10인),의원,2020-07-06,,,,소관위접수
74,2101527,국회법 일부개정법률안(노웅래의원 등 12인),의원,2020-07-06,,,,소관위접수
75,2101526,국민건강보험법 일부개정법률안(정춘숙의원 등 10인),의원,2020-07-06,,,,소관위접수
76,2101525,의료법 일부개정법률안(정춘숙의원 등 10인),의원,2020-07-06,,,,소관위접수
77,2101524,게임산업진흥에 관한 법률 일부개정법률안(이병훈의원 등 11인),의원,2020-07-06,,,,소관위접수
78,2101523,식품위생법 일부개정법률안(정춘숙의원 등 10인),의원,2020-07-06,,,,소관위접수
79,2101522,교육기본법 일부개정법률안(정춘숙의원 등 10인),의원,2020-07-06,,,,소관위접수
80,2101521,수입식품안전관리 특별법 일부개정법률안(정춘숙의원 등 10인),의원,2020-07-06,,,,소관위접수
81,2101520,장애인활동 지원에 관한 법률 일부개정법률안(정춘숙의원 등 10인),의원,2020-07-06,,,,소관위접수
82,2101519,구직자 취업촉진 및 생활안정지원에 관한 법률 일부개정법률안(이상헌의원 등 10인),의원,2020-07-06,,,,소관위접수
83,2101518,대기환경보전법 일부개정법률안(박대수의원 등 11인),의원,2020-07-06,,,,소관위접수
84,2101517,국회의원수당 등에 관한 법률 일부개정법률안(노웅래의원 등 13인),의원,2020-07-06,,,,소관위접수
85,2101516,대기관리권역의 대기환경개선에 관한 특별법 일부개정법률안(박대수의원 등 10인),의원,2020-07-06,,,,소관위접수
86,2101515,자본시장과 금융투자업에 관한 법률 일부개정법률안,정부,2020-07-06,,,,소관위접수
87,2101514,성폭력범죄의 처벌 등에 관한 특례법 일부개정법률안(정춘숙의원 등 10인),의원,2020-07-06,,,,소관위접수
88,2101513,식품위생법 일부개정법률안(남인순의원 등 12인),의원,2020-07-06,,,,소관위접수
89,2101512,국민건강증진법 일부개정법률안,정부,2020-07-06,,,,소관위접수
90,2101511,악취방지법 일부개정법률안(박대수의원 등 10인),의원,2020-07-06,,,,소관위접수
91,2101510,지하수법 일부개정법률안(박대수의원 등 10인),의원,2020-07-06,,,,소관위접수
92,2101509,원자력안전법 일부개정법률안(김석기의원 등 11인),의원,2020-07-06,,,,소관위심사
93,2101508,동물원 및 수족관의 관리에 관한 법률 일부개정법률안(이상헌의원 등 12인),의원,2020-07-06,,,,소관위접수
94,2101507,근로기준법 일부개정법률안(권은희의원 등 11인),의원,2020-07-06,,,,소관위접수
95,2101506,근로기준법 일부개정법률안(권은희의원 등 12인),의원,2020-07-06,,,,소관위접수
96,2101505,특정범죄신고자 등 보호법 일부개정법률안(정춘숙의원 등 10인),의원,2020-07-06,,,,소관위접수
97,2101504,남녀고용평등과 일·가정 양립 지원에 관한 법률 일부개정법률안(권은희의원 등 13인),의원,2020-07-06,,,,소관위접수
98,2101503,소년법 일부개정법률안(정춘숙의원 등 10인),의원,2020-07-06,,,,소관위접수
99,2101502,고용보험법 일부개정법률안(권은희의원 등 12인),의원,2020-07-06,,,,소관위접수
